Postcode District,Latitude,Longitude
AB1,57.1269,-2.13644
AB10,57.1349,-2.11738
AB11,57.1371,-2.09345
AB12,57.1034,-2.10996
AB13,57.1124,-2.24323
AB14,57.1034,-2.27279
AB15,57.1386,-2.16741
AB16,57.1595,-2.15654
AB2,57.1713,-2.14152
AB21,57.2077,-2.20026
AB22,57.1865,-2.11972
AB23,57.208,-2.08991
AB24,57.1634,-2.10827
AB25,57.1535,-2.11429
AB3,57.0876,-2.59624
AB30,56.8454,-2.47727
AB31,57.0669,-2.50475
AB32,57.1545,-2.31465
AB33,57.226,-2.73686
AB34,57.0926,-2.80992
AB35,57.0391,-3.14396
AB36,57.1963,-3.07247
AB37,57.3308,-3.35307
AB38,57.4854,-3.22719
AB39,56.9789,-2.21624
AB4,57.5343,-2.12713
AB41,57.3717,-2.11672
AB42,57.5016,-1.88812
AB43,57.6577,-2.04481
AB44,57.6682,-2.49307
AB45,57.6522,-2.56723
AB5,57.4652,-2.64764
AB51,57.2877,-2.40466
AB52,57.3423,-2.6025
AB53,57.5344,-2.4074
AB54,57.4657,-2.75606
AB55,57.5324,-2.97564
AB56,57.6735,-2.91928
AB9,57.1466,-2.1142
AB99,57.1113,-2.09399
AL1,51.7487,-0.319471
AL10,51.7609,-0.231208
AL2,51.7223,-0.331052
AL3,51.7755,-0.366657
AL4,51.7713,-0.29603
AL5,51.8146,-0.351516
AL6,51.8299,-0.199383
AL7,51.7987,-0.189397
AL8,51.8034,-0.210312
AL9,51.7469,-0.201716
B1,52.4796,-1.90779
B10,52.4701,-1.8533
B11,52.4554,-1.85984
B12,52.4609,-1.88254
B13,52.435,-1.88274
B14,52.4188,-1.89028
B15,52.468,-1.92341
B16,52.4754,-1.93225
B17,52.4615,-1.96293
B18,52.4916,-1.92238
B19,52.4963,-1.90613
B2,52.4863,-1.89732
B20,52.5134,-1.91884
B21,52.5051,-1.93634
B22,52.4117,-1.92883
B23,52.5276,-1.85166
B24,52.5196,-1.82884
B25,52.4614,-1.8262
B26,52.4607,-1.79271
B27,52.4458,-1.82377
B28,52.4278,-1.84318
B29,52.4377,-1.94541
B3,52.4823,-1.9029
B30,52.4211,-1.92812
B31,52.4092,-1.9731
B32,52.4511,-1.9945
B33,52.4808,-1.78802
B34,52.4957,-1.78168
B35,52.5172,-1.79004
B36,52.5045,-1.78003
B37,52.4784,-1.74179
B38,52.4011,-1.93391
B4,52.4838,-1.89374
B40,52.4586,-1.7244
B42,52.5347,-1.9043
B43,52.5476,-1.92824
B44,52.545,-1.88565
B45,52.3885,-2.0084
B46,52.5071,-1.6977
B47,52.3887,-1.88114
B48,52.3569,-1.95162
B49,52.2173,-1.86752
B5,52.4721,-1.89685
B50,52.1695,-1.85663
B6,52.5025,-1.88686
B60,52.3233,-2.04962
B61,52.3441,-2.06745
B62,52.46,-2.03737
B63,52.453,-2.06735
B64,52.4724,-2.06894
B65,52.4828,-2.04344
B66,52.4936,-1.96587
B67,52.4878,-1.97722
B68,52.4801,-2.00184
B69,52.5028,-2.02532
B7,52.4938,-1.8743
B70,52.5198,-2.00269
B71,52.5348,-1.9901
B72,52.5545,-1.8236
B73,52.5593,-1.83764
B74,52.5824,-1.85726
B75,52.5779,-1.81122
B76,52.5448,-1.78984
B77,52.6203,-1.67153
B78,52.6069,-1.67524
B79,52.6481,-1.68192
B8,52.49,-1.84278
B80,52.278,-1.89726
B9,52.4781,-1.85283
B90,52.4009,-1.8258
B91,52.414,-1.78073
B92,52.4354,-1.77419
B93,52.3832,-1.74212
B94,52.3529,-1.79119
B95,52.2872,-1.7805
B96,52.2548,-1.95946
B97,52.3034,-1.9495
B98,52.3037,-1.91599
B99,52.4959,-1.89425
BA1,51.3888,-2.36018
BA10,51.1124,-2.44734
BA11,51.2376,-2.32636
BA12,51.1743,-2.18742
BA13,51.2631,-2.18472
BA14,51.319,-2.20329
BA15,51.3483,-2.26213
BA16,51.1266,-2.74327
BA2,51.362,-2.37622
BA20,50.939,-2.64277
BA21,50.9511,-2.63382
BA22,50.969,-2.63754
BA3,51.2856,-2.44931
BA4,51.1746,-2.53339
BA5,51.2116,-2.65496
BA6,51.1433,-2.70947
BA7,51.0896,-2.51907
BA8,51.0002,-2.41097
BA9,51.0576,-2.41019
BB0,53.7534,-2.46423
BB1,53.7552,-2.46573
BB10,53.7994,-2.22163
BB11,53.7848,-2.25074
BB12,53.802,-2.28902
BB18,53.9151,-2.17261
BB2,53.7419,-2.49801
BB3,53.6977,-2.46614
BB4,53.7034,-2.29112
BB5,53.7545,-2.37229
BB6,53.8039,-2.41562
BB7,53.8718,-2.3892
BB8,53.8792,-2.16809
BB9,53.837,-2.21581
BB94,53.9155,-2.14015
BD1,53.7973,-1.75433
BD10,53.8309,-1.72631
BD11,53.7499,-1.67892
BD12,53.7479,-1.76243
BD13,53.7876,-1.8559
BD14,53.7833,-1.81763
BD15,53.808,-1.83512
BD16,53.8473,-1.83181
BD17,53.845,-1.76895
BD18,53.8298,-1.77624
BD19,53.7266,-1.71434
BD2,53.8142,-1.73605
BD20,53.8959,-1.94673
BD21,53.8646,-1.9084
BD22,53.8468,-1.95231
BD23,53.9889,-2.05262
BD24,54.0771,-2.28157
BD3,53.7979,-1.72995
BD4,53.7768,-1.72161
BD5,53.7794,-1.75833
BD6,53.7649,-1.78473
BD7,53.7842,-1.78101
BD8,53.8014,-1.78062
BD9,53.8115,-1.7882
BD97,53.8265,-1.79673
BD98,53.817,-1.76544
BD99,53.7946,-1.75879
BF1,,
BH1,50.7253,-1.86308
BH10,50.7591,-1.89325
BH11,50.7609,-1.92035
BH12,50.738,-1.9248
BH13,50.7105,-1.91832
BH14,50.7223,-1.94562
BH15,50.7208,-1.98492
BH16,50.7384,-2.04433
BH17,50.7458,-1.97333
BH18,50.757,-1.99154
BH19,50.6114,-1.96997
BH2,50.7219,-1.88131
BH20,50.6876,-2.14454
BH21,50.8179,-1.96487
BH22,50.8061,-1.88912
BH23,50.7454,-1.75865
BH24,50.846,-1.78784
BH25,50.7523,-1.6586
BH3,50.7355,-1.88024
BH31,50.875,-1.86939
BH4,50.7217,-1.90054
BH5,50.7258,-1.83706
BH6,50.7277,-1.80921
BH7,50.7346,-1.83415
BH8,50.7397,-1.85395
BH9,50.7498,-1.87482
BL0,53.6434,-2.31619
BL1,53.5889,-2.4406
BL11,53.5723,-2.42538
BL2,53.5877,-2.39786
BL3,53.5661,-2.43195
BL4,53.5474,-2.40348
BL5,53.5515,-2.51716
BL6,53.5911,-2.54018
BL7,53.6281,-2.42298
BL78,53.5615,-2.40861
BL8,53.6018,-2.32351
BL9,53.5921,-2.28888
BN1,50.8372,-0.140107
BN10,50.7956,0.00193244
BN11,50.8137,-0.375458
BN12,50.8142,-0.426901
BN13,50.8304,-0.406472
BN14,50.8308,-0.379928
BN15,50.83,-0.325026
BN16,50.8155,-0.498119
BN17,50.8153,-0.537154
BN18,50.8481,-0.578987
BN2,50.8245,-0.107977
BN20,50.774,0.254872
BN21,50.7721,0.274675
BN22,50.788,0.283361
BN23,50.7985,0.312695
BN24,50.8155,0.32534
BN25,50.7759,0.107339
BN26,50.8214,0.225303
BN27,50.8708,0.262788
BN3,50.8345,-0.175373
BN4,50.8493,-0.256373
BN41,50.8391,-0.215252
BN42,50.8367,-0.23205
BN43,50.8354,-0.268303
BN44,50.8927,-0.31865
BN45,50.8884,-0.183332
BN5,50.9241,-0.268017
BN50,50.826,-0.14077
BN51,50.8048,-0.0586671
BN52,50.8339,-0.168059
BN6,50.9296,-0.152933
BN7,50.8784,0.00298767
BN8,50.9125,0.0501526
BN88,50.827,-0.140775
BN9,50.7953,0.0269378
BN91,,
BN95,50.8232,-0.330024
BN99,50.8222,-0.351741
BR1,51.4107,0.0194506
BR2,51.3904,0.0216363
BR3,51.4034,-0.0318176
BR4,51.3756,-0.009919
BR5,51.3892,0.102507
BR6,51.3676,0.0926249
BR7,51.4118,0.0590468
BR8,51.3976,0.174817
BR98,,
BS0,51.3439,-2.95702
BS1,51.4539,-2.59205
BS10,51.5057,-2.61173
BS11,51.4988,-2.67857
BS12,51.5555,-2.55897
BS13,51.4121,-2.61172
BS14,51.4131,-2.56357
BS15,51.4548,-2.49625
BS16,51.4856,-2.51257
BS17,51.5289,-2.44225
BS18,51.3675,-2.58386
BS19,51.4075,-2.76987
BS2,51.459,-2.58106
BS20,51.4806,-2.75708
BS21,51.4362,-2.85137
BS22,51.3606,-2.92824
BS23,51.3435,-2.96937
BS24,51.3315,-2.92468
BS25,51.3209,-2.82646
BS26,51.2804,-2.85059
BS27,51.2724,-2.77234
BS28,51.2272,-2.81511
BS29,51.3309,-2.87448
BS3,51.4386,-2.60355
BS30,51.4464,-2.47539
BS31,51.4097,-2.49336
BS32,51.5415,-2.56111
BS34,51.5252,-2.56778
BS35,51.5975,-2.54796
BS36,51.5261,-2.48792
BS37,51.5405,-2.4183
BS38,,
BS39,51.3281,-2.53286
BS4,51.4363,-2.56422
BS40,51.347,-2.69384
BS41,51.4236,-2.65453
BS48,51.4265,-2.74974
BS49,51.3826,-2.81622
BS5,51.4622,-2.55284
BS6,51.4701,-2.59828
BS7,51.4866,-2.58158
BS77,51.4387,-2.60153
BS8,51.4575,-2.61942
BS80,51.5035,-2.61308
BS9,51.4884,-2.62528
BS98,51.4594,-2.58461
BS99,51.4578,-2.57537
BT1,54.5995,-5.92844
BT10,54.5598,-5.98649
BT11,54.5762,-5.99816
BT12,54.5924,-5.95626
BT13,54.6058,-5.95845
BT14,54.6211,-5.96243
BT15,54.6219,-5.93168
BT16,54.5909,-5.79803
BT17,54.5532,-6.01966
BT18,54.6404,-5.82382
BT19,54.6507,-5.65784
BT2,54.5935,-5.9307
BT20,54.659,-5.66555
BT21,54.6411,-5.54744
BT22,54.5035,-5.51507
BT23,54.5717,-5.7077
BT24,54.4178,-5.87163
BT25,54.3965,-6.11519
BT26,54.4543,-6.06481
BT27,54.5091,-6.02455
BT28,54.5219,-6.08419
BT29,54.6213,-6.19747
BT3,54.6184,-5.90525
BT30,54.3336,-5.70304
BT31,54.2764,-5.96842
BT32,54.3363,-6.24728
BT33,54.2234,-5.89066
BT34,54.1532,-6.18174
BT35,54.165,-6.43919
BT36,54.6781,-5.95964
BT37,54.6764,-5.90834
BT38,54.7288,-5.80109
BT39,54.7452,-6.01848
BT4,54.6027,-5.86815
BT40,54.8466,-5.8229
BT41,54.7313,-6.25324
BT42,54.8547,-6.27671
BT43,54.8899,-6.26662
BT44,54.9729,-6.28432
BT45,54.7597,-6.63892
BT46,54.8655,-6.66293
BT47,54.9805,-7.2309
BT48,55.0091,-7.32742
BT49,55.0475,-6.95187
BT5,54.5886,-5.87388
BT51,55.0611,-6.68288
BT52,55.1336,-6.65596
BT53,55.0851,-6.47714
BT54,55.2044,-6.25658
BT55,55.1796,-6.70963
BT56,55.1974,-6.65059
BT57,55.2033,-6.51878
BT58,,
BT6,54.5808,-5.89838
BT60,54.2926,-6.64749
BT61,54.3668,-6.62623
BT62,54.4128,-6.46469
BT63,54.4083,-6.39248
BT64,54.4491,-6.38894
BT65,54.4447,-6.36604
BT66,54.4553,-6.33337
BT67,54.4868,-6.26858
BT68,54.3642,-6.848
BT69,54.4202,-6.94959
BT7,54.5832,-5.92493
BT70,54.5143,-6.88154
BT71,54.5126,-6.70588
BT74,54.3448,-7.66329
BT75,54.3734,-7.31585
BT76,54.4205,-7.19237
BT77,54.4292,-7.12055
BT78,54.5726,-7.37218
BT79,54.6223,-7.20485
BT8,54.5451,-5.90815
BT80,54.6458,-6.74348
BT81,54.6962,-7.61176
BT82,54.8263,-7.43145
BT9,54.5723,-5.95006
BT92,54.2239,-7.46615
BT93,54.4676,-7.82601
BT94,54.3765,-7.53681
BT99,54.6027,-5.92249
CA1,54.8871,-2.9183
CA10,54.6145,-2.66253
CA11,54.6648,-2.78182
CA12,54.6023,-3.13428
CA13,54.6605,-3.36803
CA14,54.6352,-3.53953
CA15,54.7118,-3.48193
CA16,54.574,-2.48525
CA17,54.4798,-2.35052
CA18,54.3546,-3.39042
CA19,54.3872,-3.3869
CA2,54.8847,-2.95058
CA20,54.4099,-3.46346
CA21,54.4453,-3.51654
CA22,54.4804,-3.53226
CA23,54.5138,-3.49508
CA24,54.5146,-3.54326
CA25,54.5221,-3.51961
CA26,54.5442,-3.48566
CA27,54.4909,-3.59292
CA28,54.5436,-3.57967
CA3,54.9061,-2.93996
CA4,54.8568,-2.82115
CA5,54.8211,-3.21038
CA6,54.9868,-2.86886
CA7,54.8087,-3.23513
CA8,54.9397,-2.68859
CA9,54.8014,-2.41734
CA95,54.6448,-3.56641
CA99,54.8908,-2.94382
CB1,52.185,0.167113
CB10,52.0292,0.257642
CB11,52.0019,0.213901
CB2,52.1719,0.129546
CB21,52.1302,0.279911
CB22,52.1334,0.136162
CB23,52.2166,-0.0230159
CB24,52.2757,0.0836498
CB25,52.2569,0.246283
CB3,52.2141,0.0338848
CB4,52.2437,0.117631
CB5,52.2337,0.19967
CB6,52.4034,0.224572
CB7,52.3682,0.314224
CB8,52.2331,0.420985
CB9,52.0831,0.439894
CF1,51.4764,-3.18195
CF10,51.4736,-3.17731
CF11,51.4707,-3.19279
CF14,51.5203,-3.2023
CF15,51.5336,-3.27083
CF2,51.4979,-3.16238
CF21,,
CF23,51.5135,-3.14498
CF24,51.4848,-3.16639
CF3,51.5181,-3.11863
CF30,51.5196,-3.11956
CF31,51.5077,-3.57545
CF32,51.5576,-3.5829
CF33,51.5245,-3.68721
CF34,51.6107,-3.65265
CF35,51.5214,-3.5281
CF36,51.4839,-3.69985
CF37,51.6014,-3.33429
CF38,51.5609,-3.33349
CF39,51.6014,-3.42676
CF4,51.5221,-3.21915
CF40,51.6205,-3.45279
CF41,51.6478,-3.48274
CF42,51.6666,-3.52201
CF43,51.657,-3.44995
CF44,51.7171,-3.45699
CF45,51.67,-3.36273
CF46,51.6638,-3.30137
CF47,51.7506,-3.37545
CF48,51.7426,-3.37063
CF5,51.4831,-3.24194
CF6,51.4174,-3.26763
CF61,51.4094,-3.4809
CF62,51.4042,-3.30934
CF63,51.4105,-3.26044
CF64,51.4343,-3.18823
CF7,51.5072,-3.4185
CF71,51.4569,-3.46491
CF72,51.5299,-3.40024
CF8,51.6297,-3.2357
CF81,51.6997,-3.2438
CF82,51.6492,-3.23708
CF83,51.5855,-3.22069
CF91,51.4656,-3.19392
CF95,51.4812,-3.17104
CF99,51.4645,-3.16135
CH1,53.1994,-2.90015
CH2,53.2157,-2.87079
CH25,53.397,-3.0118
CH26,53.3657,-3.06592
CH27,53.4212,-3.04224
CH28,53.4005,-3.11194
CH29,53.3903,-3.17941
CH3,53.1678,-2.8256
CH30,53.379,-3.09844
CH31,53.3297,-3.09886
CH32,53.362,-2.99763
CH33,53.2906,-3.06264
CH34,53.2829,-2.90915
CH4,53.1693,-2.93834
CH41,53.3948,-3.03089
CH42,53.3752,-3.02205
CH43,53.3829,-3.06016
CH44,53.4156,-3.03724
CH45,53.4283,-3.05079
CH46,53.4039,-3.11095
CH47,53.3959,-3.1702
CH48,53.3726,-3.17084
CH49,53.381,-3.1033
CH5,53.2049,-3.03868
CH6,53.249,-3.14402
CH60,53.3269,-3.09642
CH61,53.3475,-3.10179
CH62,53.3358,-2.98217
CH63,53.3458,-3.01144
CH64,53.2884,-3.04917
CH65,53.2783,-2.90253
CH66,53.2781,-2.936
CH7,53.1694,-3.13398
CH70,53.1927,-2.92254
CH8,53.2822,-3.24152
CH88,53.1779,-2.89582
CH99,53.1872,-2.88946
CM0,51.6592,0.831801
CM1,51.7455,0.466384
CM11,51.6238,0.442984
CM12,51.6268,0.414905
CM13,51.6152,0.334538
CM14,51.6189,0.295655
CM15,51.6413,0.304231
CM16,51.7003,0.118763
CM17,51.7731,0.141029
CM18,51.7567,0.104694
CM19,51.7614,0.0743102
CM2,51.7237,0.484948
CM20,51.7745,0.100274
CM21,51.8119,0.147899
CM22,51.8652,0.21727
CM23,51.8711,0.158865
CM24,51.8979,0.206387
CM3,51.7159,0.586735
CM4,51.675,0.388466
CM5,51.7182,0.247756
CM6,51.8784,0.374625
CM7,51.886,0.547794
CM77,51.8674,0.552749
CM8,51.8052,0.63862
CM9,51.7392,0.695544
CM92,51.7694,0.061253
CM98,51.7521,0.518448
CM99,51.7398,0.493129
CO1,51.8792,0.886241
CO10,52.054,0.726786
CO11,51.9423,1.07526
CO12,51.9322,1.25561
CO13,51.8382,1.2378
CO14,51.8503,1.26754
CO15,51.7967,1.15524
CO16,51.8198,1.12626
CO2,51.871,0.895357
CO3,51.8853,0.858028
CO4,51.9069,0.920578
CO5,51.8142,0.821899
CO6,51.9327,0.793147
CO7,51.8804,1.00314
CO8,51.9733,0.766886
CO9,51.9675,0.61109
CR0,51.3733,-0.0784598
CR2,51.3456,-0.0956268
CR3,51.2977,-0.0966113
CR4,51.4025,-0.145047
CR44,51.3823,-0.132896
CR5,51.3135,-0.141355
CR6,51.3029,-0.0575626
CR7,51.3926,-0.10365
CR8,51.3365,-0.11102
CR9,51.3748,-0.0950457
CR90,51.3775,-0.107727
CT1,51.2788,1.08663
CT10,51.3629,1.4292
CT11,51.3365,1.41241
CT12,51.3431,1.36976
CT13,51.2686,1.33048
CT14,51.2174,1.38705
CT15,51.1713,1.28353
CT16,51.1395,1.30144
CT17,51.1288,1.29529
CT18,51.1126,1.15057
CT19,51.0884,1.16838
CT2,51.2922,1.08166
CT20,51.0796,1.16509
CT21,51.073,1.07791
CT3,51.277,1.20682
CT4,51.228,1.06798
CT5,51.3543,1.03453
CT50,51.0792,1.14402
CT6,51.3642,1.12843
CT7,51.3715,1.30214
CT8,51.3806,1.34057
CT9,51.3839,1.38807
CV1,52.409,-1.50751
CV10,52.5257,-1.49961
CV11,52.5204,-1.45665
CV12,52.477,-1.47372
CV13,52.6081,-1.41789
CV2,52.4234,-1.46765
CV21,52.3709,-1.27116
CV22,52.3578,-1.2831
CV23,52.3506,-1.29834
CV3,52.3937,-1.48233
CV31,52.2801,-1.52702
CV32,52.2957,-1.53183
CV33,52.2382,-1.44521
CV34,52.2843,-1.58436
CV35,52.232,-1.59524
CV36,52.0708,-1.62993
CV37,52.1869,-1.71484
CV4,52.3996,-1.55592
CV47,52.2365,-1.38712
CV5,52.4119,-1.54829
CV6,52.431,-1.50699
CV7,52.4425,-1.55901
CV8,52.3512,-1.54809
CV9,52.5848,-1.55936
CW1,53.0998,-2.43065
CW10,53.189,-2.44886
CW11,53.1432,-2.36524
CW12,53.1664,-2.21594
CW2,53.0812,-2.44582
CW3,53.0035,-2.41093
CW4,53.2039,-2.34079
CW5,53.0635,-2.52202
CW6,53.1617,-2.66739
CW7,53.1907,-2.52746
CW8,53.254,-2.55955
CW9,53.2596,-2.50401
CW98,53.0887,-2.43114
DA1,51.4472,0.209456
DA10,51.4427,0.30067
DA11,51.4352,0.351796
DA12,51.4308,0.383871
DA13,51.3861,0.354133
DA14,51.4259,0.110451
DA15,51.4398,0.0989366
DA16,51.4645,0.108999
DA17,51.4865,0.150753
DA18,51.4915,0.145758
DA2,51.4332,0.231921
DA3,51.3859,0.306389
DA4,51.3928,0.230808
DA5,51.441,0.147655
DA6,51.4561,0.139085
DA7,51.465,0.143203
DA8,51.4761,0.179868
DA9,51.4482,0.280526
DD1,56.4618,-2.97738
DD10,56.7456,-2.43087
DD11,56.5723,-2.5976
DD2,56.4712,-3.02798
DD3,56.482,-2.98931
DD4,56.482,-2.93551
DD5,56.4796,-2.86336
DD6,56.4368,-2.92765
DD7,56.5028,-2.71952
DD8,56.6557,-2.92208
DD9,56.7478,-2.66674
DE1,52.9189,-1.47265
DE11,52.7731,-1.5568
DE12,52.7272,-1.55355
DE13,52.8075,-1.68836
DE14,52.8071,-1.63908
DE15,52.7993,-1.61038
DE2,52.9132,-1.44088
DE21,52.9325,-1.43519
DE22,52.9331,-1.49763
DE23,52.8994,-1.49996
DE24,52.8904,-1.45318
DE3,52.9154,-1.50897
DE4,53.1434,-1.58489
DE45,53.2143,-1.67734
DE5,53.0567,-1.42572
DE55,53.0996,-1.37202
DE56,53.0212,-1.47705
DE6,52.9633,-1.66864
DE65,52.8664,-1.62129
DE7,52.9402,-1.3429
DE72,52.8939,-1.36697
DE73,52.8494,-1.43853
DE74,52.8474,-1.33964
DE75,53.0121,-1.35328
DE99,52.9151,-1.46414
DG1,55.0732,-3.58558
DG10,55.3211,-3.43925
DG11,55.1147,-3.34088
DG12,54.9898,-3.2515
DG13,55.1746,-3.0323
DG14,55.0801,-2.9876
DG16,54.9969,-3.06854
DG2,55.0653,-3.6568
DG3,55.2369,-3.79893
DG4,55.3752,-3.95486
DG5,54.9215,-3.81294
DG6,54.8372,-4.0555
DG7,54.9661,-4.0083
DG8,54.8746,-4.5141
DG9,54.8783,-5.02284
DH1,54.7826,-1.5624
DH2,54.8599,-1.59847
DH3,54.8701,-1.5693
DH4,54.8528,-1.49023
DH5,54.8246,-1.45578
DH6,54.7532,-1.46551
DH7,54.7895,-1.66154
DH8,54.8533,-1.83249
DH9,54.8678,-1.71099
DH97,54.7863,-1.55527
DH98,54.8873,-1.58841
DH99,54.7879,-1.5503
DL1,54.5281,-1.54133
DL10,54.4131,-1.69982
DL11,54.4389,-1.87139
DL12,54.5703,-1.98121
DL13,54.7168,-1.95192
DL14,54.6534,-1.69021
DL15,54.7096,-1.72919
DL16,54.6991,-1.60386
DL17,54.6811,-1.54308
DL2,54.5278,-1.59094
DL3,54.5312,-1.56908
DL4,54.6308,-1.6457
DL5,54.6162,-1.57708
DL6,54.3676,-1.39464
DL7,54.337,-1.47899
DL8,54.2947,-1.78506
DL9,54.376,-1.71087
DL98,54.5275,-1.5597
DN1,53.5208,-1.11861
DN10,53.4265,-0.940691
DN11,53.4498,-1.08372
DN12,53.4832,-1.22364
DN14,53.7078,-0.934995
DN15,53.6096,-0.652501
DN16,53.5684,-0.640054
DN17,53.5734,-0.703283
DN18,53.6819,-0.445941
DN19,53.6846,-0.365791
DN2,53.5328,-1.10418
DN20,53.5578,-0.503481
DN21,53.4172,-0.710009
DN22,53.3247,-0.92982
DN3,53.5436,-1.06463
DN31,53.5709,-0.0844023
DN32,53.5633,-0.0711182
DN33,53.5406,-0.0985122
DN34,53.5581,-0.112071
DN35,53.5555,-0.0379525
DN36,53.5134,-0.0400252
DN37,53.5507,-0.149238
DN38,53.5603,-0.397222
DN39,53.6171,-0.329601
DN4,53.5059,-1.12223
DN40,53.6216,-0.223955
DN41,53.5847,-0.195245
DN5,53.5367,-1.17118
DN55,53.5129,-1.12572
DN6,53.5947,-1.1772
DN7,53.5802,-1.01744
DN8,53.6146,-0.956514
DN9,53.5054,-0.905819
DT1,50.7125,-2.44427
DT10,50.9372,-2.33164
DT11,50.8614,-2.17983
DT2,50.7484,-2.44917
DT3,50.6404,-2.46703
DT4,50.6099,-2.4632
DT5,50.5494,-2.44283
DT6,50.7386,-2.77462
DT7,50.7292,-2.94579
DT8,50.815,-2.75802
DT9,50.9425,-2.51671
DY1,52.5151,-2.09429
DY10,52.3864,-2.22921
DY11,52.3855,-2.26024
DY12,52.3865,-2.32361
DY13,52.3372,-2.2809
DY14,52.3809,-2.45604
DY2,52.4976,-2.08261
DY3,52.5297,-2.12885
DY4,52.5319,-2.05444
DY5,52.481,-2.12278
DY6,52.4989,-2.16436
DY7,52.4646,-2.21816
DY8,52.4599,-2.15383
DY9,52.4375,-2.12419
E1,51.5163,-0.0603815
E10,51.5687,-0.0129349
E11,51.5673,0.0116214
E12,51.551,0.050719
E13,51.5282,0.0258641
E14,51.5076,-0.0205489
E15,51.5384,0.00031799
E16,51.5115,0.0206125
E17,51.5864,-0.0202421
E18,51.5926,0.0255727
E1W,51.512,-0.0592899
E2,51.5302,-0.0622505
E20,51.5465,-0.0106903
E3,51.5282,-0.0257231
E4,51.6239,-0.0030953
E5,51.5593,-0.0545692
E6,51.5252,0.0551582
E7,51.5476,0.0260941
E77,51.5139,-0.069129
E8,51.5412,-0.0649029
E9,51.5417,-0.0467148
E98,51.5086,-0.0641003
EC1A,51.5203,-0.104448
EC1M,51.5214,-0.103592
EC1N,51.52,-0.109137
EC1P,51.5246,-0.112044
EC1R,51.5245,-0.108977
EC1V,51.5265,-0.0993026
EC1Y,51.5231,-0.0934099
EC2A,51.5231,-0.0879623
EC2M,51.5184,-0.0867919
EC2N,51.516,-0.0874639
EC2P,51.5241,-0.110607
EC2R,51.5163,-0.0918641
EC2V,51.5158,-0.0949244
EC2Y,51.52,-0.09632
EC3A,51.515,-0.0820093
EC3B,51.514,-0.081823
EC3M,51.5122,-0.0837352
EC3N,51.5127,-0.0797874
EC3P,51.5224,-0.106937
EC3R,51.5112,-0.0846505
EC3V,51.5133,-0.0869113
EC4A,51.5159,-0.108659
EC4M,51.5149,-0.100592
EC4N,51.5134,-0.0931049
EC4P,51.5232,-0.110707
EC4R,51.5114,-0.0917408
EC4V,51.5126,-0.10024
EC4Y,51.5137,-0.108859
EC50,51.5245,-0.112088
EC88,51.5245,-0.0791226
EH1,55.9523,-3.19201
EH10,55.9216,-3.21081
EH11,55.9334,-3.25135
EH12,55.9412,-3.27412
EH13,55.9087,-3.24265
EH14,55.9117,-3.28049
EH15,55.9472,-3.11319
EH16,55.9239,-3.15133
EH17,55.9063,-3.14367
EH18,55.8766,-3.12172
EH19,55.8725,-3.10498
EH2,55.9532,-3.20045
EH20,55.8787,-3.15359
EH21,55.9389,-3.04678
EH22,55.8857,-3.06172
EH23,55.841,-3.05175
EH24,55.8509,-3.13537
EH25,55.8592,-3.17812
EH26,55.8332,-3.22395
EH27,55.8909,-3.42069
EH28,55.9285,-3.40393
EH29,55.9569,-3.39559
EH3,55.9523,-3.20499
EH30,55.9827,-3.37938
EH31,56.0378,-2.82058
EH32,55.9664,-2.95275
EH33,55.9418,-2.94487
EH34,55.9105,-2.88559
EH35,55.9114,-2.9448
EH36,55.8554,-2.85429
EH37,55.8634,-2.96625
EH38,55.7848,-2.96122
EH39,56.048,-2.73271
EH4,55.9624,-3.2555
EH40,55.9903,-2.65127
EH41,55.9495,-2.77789
EH42,55.9939,-2.52469
EH43,55.6239,-3.01165
EH44,55.621,-3.07047
EH45,55.654,-3.19031
EH46,55.7343,-3.3433
EH47,55.8607,-3.66473
EH48,55.8983,-3.66089
EH49,55.9769,-3.60284
EH5,55.9746,-3.21935
EH51,56.0116,-3.60535
EH52,55.9361,-3.48924
EH53,55.8945,-3.47436
EH54,55.8919,-3.52492
EH55,55.8484,-3.57386
EH6,55.9711,-3.1739
EH7,55.9599,-3.16427
EH77,,
EH8,55.9499,-3.16648
EH9,55.9333,-3.18708
EH91,55.9272,-3.2907
EH95,55.9786,-3.25352
EH99,55.9519,-3.19475
EN1,51.6533,-0.0706507
EN10,51.7409,-0.0211685
EN11,51.7638,-0.0093778
EN2,51.6585,-0.0917311
EN3,51.658,-0.0416129
EN4,51.6482,-0.162243
EN5,51.6482,-0.19035
EN6,51.699,-0.179849
EN7,51.7083,-0.0645967
EN77,,
EN8,51.696,-0.0331753
EN9,51.6946,0.0104538
EX1,50.7269,-3.50965
EX10,50.6919,-3.24573
EX11,50.7472,-3.28862
EX12,50.7067,-3.08109
EX13,50.7738,-3.0253
EX14,50.8109,-3.20016
EX15,50.8755,-3.34655
EX16,50.9205,-3.49126
EX17,50.81,-3.70153
EX18,50.9016,-3.88646
EX19,50.8761,-3.9997
EX2,50.7113,-3.51516
EX20,50.7509,-4.01603
EX21,50.8033,-4.20893
EX22,50.8264,-4.36681
EX23,50.825,-4.53416
EX24,50.7375,-3.08725
EX3,50.6946,-3.45997
EX31,51.0852,-4.06809
EX32,51.0732,-4.0272
EX33,51.1126,-4.16631
EX34,51.1992,-4.10816
EX35,51.2247,-3.8294
EX36,51.017,-3.80035
EX37,50.9793,-3.95534
EX38,50.9451,-4.15106
EX39,51.0159,-4.24266
EX4,50.7303,-3.52635
EX5,50.7549,-3.43639
EX6,50.6759,-3.59231
EX7,50.586,-3.47123
EX8,50.6284,-3.40298
EX9,50.639,-3.32359
FK1,55.9889,-3.79296
FK10,56.115,-3.78336
FK11,56.1499,-3.85114
FK12,56.1521,-3.80153
FK13,56.1502,-3.74253
FK14,56.1629,-3.66672
FK15,56.1999,-3.95237
FK16,56.1911,-4.05928
FK17,56.2405,-4.21941
FK18,56.3161,-4.31649
FK19,56.3733,-4.31135
FK2,56.0053,-3.7583
FK20,56.4074,-4.61058
FK21,56.4663,-4.32062
FK3,56.012,-3.72041
FK4,55.9976,-3.90754
FK5,56.0255,-3.82027
FK6,56.0216,-3.91442
FK7,56.0997,-3.91826
FK8,56.129,-4.03382
FK9,56.1416,-3.94122
FY0,53.7546,-3.00814
FY1,53.8161,-3.04831
FY2,53.8444,-3.04024
FY3,53.8211,-3.02265
FY4,53.792,-3.03025
FY5,53.8735,-3.0241
FY6,53.8649,-2.98051
FY7,53.9166,-3.02543
FY8,53.7505,-3.00687
G1,55.8604,-4.2491
G11,55.8735,-4.31325
G12,55.8797,-4.30204
G13,55.8928,-4.34715
G14,55.8801,-4.35055
G15,55.9104,-4.36696
G2,55.8635,-4.2559
G20,55.8855,-4.28207
G21,55.8805,-4.22283
G22,55.8896,-4.25262
G23,55.9022,-4.28524
G3,55.8664,-4.27035
G31,55.8562,-4.20927
G32,55.8487,-4.16633
G33,55.8731,-4.16516
G34,55.8679,-4.1127
G4,55.8681,-4.25143
G40,55.8474,-4.22099
G41,55.8387,-4.28163
G42,55.8342,-4.25872
G43,55.8185,-4.29254
G44,55.8142,-4.25774
G45,55.8046,-4.23301
G46,55.8044,-4.30693
G5,55.8477,-4.25391
G51,55.8574,-4.31312
G52,55.8496,-4.35329
G53,55.8209,-4.35233
G58,55.8582,-4.2595
G59,,
G60,55.918,-4.44287
G61,55.9192,-4.33014
G62,55.9426,-4.32067
G63,56.0429,-4.37102
G64,55.9109,-4.21799
G65,55.9721,-4.09976
G66,55.9403,-4.15448
G67,55.9478,-3.98573
G68,55.9532,-4.01086
G69,55.8741,-4.10249
G70,55.9501,-3.98759
G71,55.8219,-4.07585
G72,55.8047,-4.1306
G73,55.8219,-4.20656
G74,55.7678,-4.17803
G75,55.7511,-4.19561
G76,55.7783,-4.27337
G77,55.7738,-4.33166
G78,55.7936,-4.40888
G79,55.771,-4.22308
G80,55.8686,-4.2419
G81,55.912,-4.40715
G82,55.9509,-4.57338
G83,56.0116,-4.58721
G84,56.0138,-4.75449
G9,55.8687,-4.24226
G90,55.8691,-4.24071
GIR,,
GL1,51.8572,-2.24536
GL10,51.7445,-2.28336
GL11,51.6925,-2.35747
GL12,51.6275,-2.38525
GL13,51.693,-2.45378
GL14,51.8188,-2.48448
GL15,51.7348,-2.54969
GL16,51.7951,-2.6133
GL17,51.8549,-2.50821
GL18,51.9404,-2.4138
GL19,51.9384,-2.28431
GL2,51.8414,-2.26969
GL20,52.0027,-2.13113
GL3,51.8598,-2.18032
GL4,51.8429,-2.2189
GL5,51.7393,-2.22119
GL50,51.9015,-2.08149
GL51,51.8967,-2.10829
GL52,51.9223,-2.06077
GL53,51.882,-2.06918
GL54,51.8983,-1.86552
GL55,52.0621,-1.7713
GL56,51.9902,-1.70388
GL6,51.7385,-2.19921
GL7,51.7113,-1.90606
GL8,51.6415,-2.16907
GL9,51.5611,-2.29356
GU1,51.2431,-0.570141
GU10,51.1985,-0.797222
GU11,51.2498,-0.762501
GU12,51.2517,-0.733013
GU13,51.2751,-0.838673
GU14,51.291,-0.761397
GU15,51.3355,-0.75066
GU16,51.3135,-0.730834
GU17,51.3365,-0.806524
GU18,51.3475,-0.663172
GU19,51.3591,-0.68965
GU2,51.2448,-0.593013
GU20,51.3653,-0.652172
GU21,51.3199,-0.577199
GU22,51.3134,-0.553241
GU23,51.2976,-0.511133
GU24,51.3301,-0.625397
GU25,51.4013,-0.569553
GU26,51.1102,-0.746127
GU27,51.0835,-0.722328
GU28,50.9911,-0.62828
GU29,50.9845,-0.746526
GU3,51.2471,-0.621304
GU30,51.0757,-0.803951
GU31,50.9977,-0.908361
GU32,51.0078,-0.960884
GU33,51.0478,-0.893741
GU34,51.1406,-0.984809
GU35,51.1167,-0.851722
GU4,51.243,-0.546742
GU46,51.3385,-0.824119
GU47,51.3475,-0.793252
GU5,51.2063,-0.522151
GU51,51.2852,-0.839872
GU52,51.2659,-0.838239
GU6,51.1408,-0.485193
GU7,51.1889,-0.610723
GU8,51.152,-0.639691
GU9,51.2179,-0.79599
GU95,51.3263,-0.763075
GY1,49.4669,-2.54798
GY10,49.4342,-2.35382
GY2,49.4849,-2.54095
GY3,49.4928,-2.52725
GY4,49.4336,-2.55937
GY5,49.4633,-2.59664
GY6,49.4512,-2.5696
GY7,49.4472,-2.63552
GY8,49.4249,-2.60752
GY9,49.7147,-2.20572
HA0,51.5501,-0.304747
HA1,51.5814,-0.336185
HA2,51.5759,-0.354655
HA3,51.5915,-0.322988
HA4,51.5708,-0.410395
HA5,51.5946,-0.385884
HA6,51.61,-0.420563
HA7,51.6096,-0.30688
HA8,51.6116,-0.275249
HA9,51.5586,-0.290027
HD1,53.6469,-1.78632
HD2,53.6669,-1.77679
HD3,53.6529,-1.83056
HD4,53.6272,-1.79743
HD5,53.6475,-1.74879
HD6,53.7016,-1.78279
HD7,53.5991,-1.82962
HD8,53.6004,-1.67513
HD9,53.5792,-1.79583
HG1,53.9998,-1.53253
HG2,53.9877,-1.5281
HG3,54.0302,-1.61412
HG4,54.1539,-1.55914
HG5,54.0132,-1.4595
HP1,51.7551,-0.479133
HP10,51.6108,-0.710431
HP11,51.6253,-0.746519
HP12,51.6247,-0.777959
HP13,51.633,-0.741468
HP14,51.6488,-0.825803
HP15,51.6533,-0.71747
HP16,51.7024,-0.717911
HP17,51.7499,-0.852678
HP18,51.8168,-0.96039
HP19,51.8238,-0.826381
HP2,51.7621,-0.454372
HP20,51.8196,-0.807448
HP21,51.8068,-0.806165
HP22,51.8008,-0.768825
HP23,51.7949,-0.662392
HP27,51.7219,-0.83126
HP3,51.7372,-0.47172
HP4,51.7667,-0.567835
HP5,51.7131,-0.608582
HP6,51.6774,-0.601636
HP7,51.6663,-0.610477
HP8,51.6446,-0.576019
HP9,51.6104,-0.642082
HR1,52.0552,-2.69248
HR2,52.0134,-2.77847
HR3,52.092,-3.06824
HR4,52.0848,-2.76114
HR5,52.196,-3.02939
HR6,52.2315,-2.76836
HR7,52.1845,-2.52497
HR8,52.0438,-2.44189
HR9,51.9083,-2.5816
HS1,58.2121,-6.38137
HS2,58.2498,-6.4581
HS3,57.8829,-6.84839
HS4,57.8685,-6.68989
HS5,57.7971,-6.96624
HS6,57.6027,-7.29923
HS7,57.451,-7.34474
HS8,57.2312,-7.3467
HS9,56.9678,-7.47746
HU1,53.743,-0.337002
HU10,53.7478,-0.44041
HU11,53.8306,-0.237244
HU12,53.724,-0.135396
HU13,53.7247,-0.437595
HU14,53.7275,-0.488201
HU15,53.7475,-0.619322
HU16,53.7814,-0.422034
HU17,53.8459,-0.425698
HU18,53.9087,-0.170208
HU19,53.7233,0.0340857
HU2,53.7497,-0.337061
HU20,53.7873,-0.502212
HU3,53.7413,-0.365451
HU4,53.7364,-0.399507
HU5,53.7595,-0.374522
HU55,,
HU6,53.7809,-0.368831
HU7,53.7888,-0.330556
HU8,53.7678,-0.304939
HU9,53.7535,-0.296508
HX1,53.7218,-1.86782
HX2,53.7385,-1.90422
HX3,53.7263,-1.84581
HX4,53.6806,-1.87981
HX5,53.6865,-1.83615
HX6,53.6985,-1.92336
HX7,53.7393,-2.00903
IG1,51.5592,0.0727381
IG10,51.6483,0.0654064
IG11,51.5349,0.0917548
IG2,51.5733,0.0794713
IG3,51.5625,0.0977791
IG4,51.5772,0.0549476
IG5,51.5859,0.0646936
IG6,51.5919,0.087081
IG7,51.6137,0.0877446
IG8,51.6115,0.0367691
IG9,51.6241,0.0389
IM1,54.1548,-4.48399
IM2,54.1721,-4.47897
IM3,54.2035,-4.4789
IM4,54.2056,-4.42316
IM5,54.2173,-4.69203
IM6,54.2708,-4.58148
IM7,54.3164,-4.5328
IM8,54.334,-4.38964
IM9,54.1133,-4.69514
IP1,52.0627,1.14223
IP10,52.0074,1.28304
IP11,51.967,1.33424
IP12,52.0939,1.36397
IP13,52.1851,1.32088
IP14,52.2042,1.0281
IP15,52.1591,1.59453
IP16,52.2043,1.58336
IP17,52.2299,1.50133
IP18,52.3305,1.66874
IP19,52.3407,1.49468
IP2,52.0462,1.13449
IP20,52.4059,1.31832
IP21,52.3657,1.22936
IP22,52.3778,1.07185
IP23,52.3137,1.12025
IP24,52.4192,0.756367
IP25,52.5793,0.835454
IP26,52.5058,0.576589
IP27,52.43,0.583901
IP28,52.328,0.536096
IP29,52.1955,0.66273
IP3,52.0421,1.18505
IP30,52.2118,0.837038
IP31,52.289,0.825837
IP32,52.2537,0.719297
IP33,52.2433,0.713292
IP4,52.0596,1.17578
IP5,52.0615,1.23886
IP6,52.1285,1.1117
IP7,52.066,0.949963
IP8,52.0632,1.0829
IP9,51.9931,1.14737
IP98,52.3766,1.11066
IV1,57.4789,-4.19963
IV10,57.585,-4.12654
IV11,57.6777,-4.03843
IV12,57.5748,-3.86546
IV13,57.3455,-4.02625
IV14,57.5854,-4.54776
IV15,57.5985,-4.43107
IV16,57.6602,-4.34368
IV17,57.6987,-4.25556
IV18,57.7008,-4.15634
IV19,57.8046,-4.0604
IV2,57.4683,-4.18976
IV20,57.7899,-3.90978
IV21,57.7245,-5.71831
IV22,57.7366,-5.5038
IV23,57.7738,-5.03455
IV24,57.8912,-4.35623
IV25,57.8885,-4.04061
IV26,57.9198,-5.18505
IV27,58.2712,-4.79565
IV28,58.0079,-4.15797
IV3,57.4633,-4.27178
IV30,57.6536,-3.32777
IV31,57.717,-3.29063
IV32,57.6312,-3.11399
IV33,57.5312,-3.21093
IV34,57.4679,-3.28995
IV35,57.4687,-3.35631
IV36,57.6102,-3.60724
IV4,57.4511,-4.52424
IV40,57.2832,-5.66455
IV41,57.2743,-5.73352
IV42,57.2354,-5.83873
IV43,57.1496,-5.84605
IV44,57.1028,-5.88091
IV45,57.0725,-5.9041
IV46,57.1103,-5.9816
IV47,57.296,-6.34574
IV48,57.3111,-6.11279
IV49,57.229,-5.94352
IV5,57.4684,-4.41107
IV51,57.484,-6.24886
IV52,57.3363,-5.65215
IV53,57.3441,-5.5552
IV54,57.4289,-5.61014
IV55,57.4569,-6.60996
IV56,57.3705,-6.44058
IV6,57.5213,-4.4607
IV63,57.318,-4.50959
IV7,57.5841,-4.3922
IV8,57.5548,-4.26511
IV9,57.5695,-4.17734
IV99,57.4813,-4.22395
JE2,49.1995,-2.08378
JE3,49.2375,-2.22265
KA1,55.5971,-4.49718
KA10,55.5495,-4.64999
KA11,55.6178,-4.62947
KA12,55.6179,-4.66587
KA13,55.6553,-4.70014
KA14,55.7405,-4.67145
KA15,55.7484,-4.62703
KA16,55.6072,-4.33405
KA17,55.6103,-4.29395
KA18,55.4509,-4.24219
KA19,55.3465,-4.67002
KA2,55.5967,-4.56145
KA20,55.6407,-4.75332
KA21,55.6412,-4.78477
KA22,55.6487,-4.80765
KA23,55.6891,-4.85307
KA24,55.7096,-4.71626
KA25,55.7521,-4.68921
KA26,55.2202,-4.83615
KA27,55.5407,-5.17008
KA28,55.7543,-4.92478
KA29,55.7565,-4.85431
KA3,55.6429,-4.49682
KA30,55.7967,-4.86379
KA4,55.5996,-4.38476
KA5,55.5093,-4.38483
KA6,55.4177,-4.50914
KA7,55.4505,-4.63072
KA8,55.4715,-4.61379
KA9,55.4983,-4.60603
KT1,51.4071,-0.297614
KT10,51.3712,-0.357225
KT11,51.3282,-0.40482
KT12,51.3774,-0.408771
KT13,51.3692,-0.451512
KT14,51.3402,-0.486344
KT15,51.3651,-0.494522
KT16,51.3842,-0.514174
KT17,51.3397,-0.253174
KT18,51.319,-0.263673
KT19,51.3501,-0.269392
KT2,51.4161,-0.291051
KT20,51.2872,-0.231817
KT21,51.3109,-0.302939
KT22,51.3006,-0.337603
KT23,51.2819,-0.37096
KT24,51.2692,-0.430083
KT3,51.3997,-0.256829
KT4,51.3787,-0.243163
KT5,51.3928,-0.287904
KT6,51.3897,-0.300624
KT7,51.3902,-0.328701
KT8,51.4016,-0.366923
KT9,51.3648,-0.303177
KW1,58.456,-3.11846
KW10,57.9742,-3.97801
KW11,58.3079,-4.13591
KW12,58.5069,-3.49287
KW13,58.4784,-3.89505
KW14,58.5886,-3.55533
KW15,58.9805,-2.95988
KW16,58.959,-3.27613
KW17,59.0304,-3.00724
KW2,58.3482,-3.16371
KW3,58.3062,-3.2823
KW5,58.2842,-3.38673
KW6,58.2504,-3.44407
KW7,58.1868,-3.50182
KW8,58.1149,-3.66695
KW9,58.0136,-3.85906
KY1,56.127,-3.14114
KY10,56.23,-2.70048
KY11,56.0495,-3.41208
KY12,56.0759,-3.4883
KY13,56.2081,-3.43151
KY14,56.311,-3.23254
KY15,56.301,-3.05088
KY16,56.3416,-2.81994
KY2,56.1224,-3.18289
KY3,56.063,-3.23193
KY4,56.1138,-3.36176
KY5,56.1445,-3.29529
KY6,56.1966,-3.19663
KY7,56.2106,-3.15499
KY8,56.1971,-3.01242
KY9,56.2089,-2.83711
KY99,56.0547,-3.43743
L1,53.4025,-2.98036
L10,53.4737,-2.92818
L11,53.4473,-2.91462
L12,53.4345,-2.89681
L13,53.4151,-2.92164
L14,53.4193,-2.88165
L15,53.3973,-2.92268
L16,53.3982,-2.89228
L17,53.3786,-2.94226
L18,53.3805,-2.90945
L19,53.3582,-2.90314
L2,53.4068,-2.99014
L20,53.4523,-2.99003
L21,53.4706,-3.00027
L22,53.4767,-3.02748
L23,53.4891,-3.02427
L24,53.3444,-2.84306
L25,53.3789,-2.86396
L26,53.3656,-2.83636
L27,53.388,-2.84023
L28,53.4352,-2.86647
L29,53.5053,-2.98794
L3,53.4088,-2.98553
L30,53.482,-2.97183
L31,53.5133,-2.93852
L32,53.4786,-2.88936
L33,53.4887,-2.87603
L34,53.4351,-2.81525
L35,53.4165,-2.78513
L36,53.4142,-2.84157
L37,53.5569,-3.06369
L38,53.5282,-3.05266
L39,53.563,-2.8935
L4,53.4378,-2.96201
L40,53.5987,-2.84684
L41,53.3943,-3.03082
L42,53.3745,-3.02267
L43,53.385,-3.0594
L44,53.4149,-3.03642
L45,53.4289,-3.05112
L46,53.4043,-3.11065
L47,53.3965,-3.1687
L48,53.3702,-3.16987
L49,53.3811,-3.10403
L5,53.4248,-2.97762
L6,53.4186,-2.95332
L60,53.3268,-3.09679
L61,53.3485,-3.10172
L62,53.335,-2.98243
L63,53.344,-3.01293
L64,53.2879,-3.0487
L65,53.2775,-2.90145
L66,53.2763,-2.93585
L67,53.4057,-2.96781
L68,53.4532,-2.96644
L69,53.4017,-2.97529
L7,53.4055,-2.95032
L70,53.4094,-2.97318
L71,53.4222,-2.97479
L72,53.4786,-2.98369
L73,53.3803,-2.97643
L74,53.3931,-2.98828
L75,53.4422,-2.98456
L8,53.3901,-2.96401
L80,53.4692,-2.96908
L9,53.4613,-2.95228
LA1,54.0469,-2.80022
LA10,54.3148,-2.49757
LA11,54.1995,-2.92407
LA12,54.2025,-3.08414
LA13,54.1183,-3.19924
LA14,54.1179,-3.23068
LA15,54.1558,-3.17969
LA16,54.1841,-3.20279
LA17,54.2399,-3.17561
LA18,54.2151,-3.27543
LA19,54.2892,-3.37155
LA2,54.0662,-2.67444
LA20,54.293,-3.20662
LA21,54.3647,-3.07162
LA22,54.4208,-2.98489
LA23,54.3726,-2.91263
LA3,54.0519,-2.87803
LA4,54.0704,-2.85465
LA5,54.143,-2.78982
LA6,54.1748,-2.6165
LA7,54.2259,-2.77313
LA8,54.3236,-2.76056
LA9,54.3262,-2.74398
LD1,52.2578,-3.36783
LD2,52.1437,-3.39489
LD3,51.9581,-3.37444
LD4,52.1176,-3.55768
LD5,52.1272,-3.61501
LD6,52.3089,-3.50937
LD7,52.3495,-3.08808
LD8,52.2668,-3.0502
LE1,52.6335,-1.13225
LE10,52.5374,-1.37044
LE11,52.7704,-1.22111
LE12,52.7684,-1.19223
LE13,52.7667,-0.88384
LE14,52.783,-0.895657
LE15,52.6594,-0.706411
LE16,52.4854,-0.899056
LE17,52.4674,-1.18124
LE18,52.5834,-1.11147
LE19,52.5864,-1.21309
LE2,52.6112,-1.11801
LE21,52.6312,-1.12912
LE3,52.6268,-1.18143
LE4,52.6626,-1.12256
LE41,52.6385,-1.14938
LE5,52.6366,-1.09438
LE55,52.7314,-1.40737
LE6,52.7135,-1.36369
LE65,52.7486,-1.46992
LE67,52.716,-1.3627
LE7,52.6852,-1.07069
LE8,52.5642,-1.10682
LE87,52.6314,-1.13201
LE9,52.5721,-1.2712
LE94,52.4837,-0.905523
LE95,52.6062,-1.19056
LE99,,
LL11,53.059,-3.02702
LL12,53.086,-2.9903
LL13,53.0364,-2.96354
LL14,52.9923,-3.05255
LL15,53.1051,-3.31522
LL16,53.1852,-3.43076
LL17,53.2554,-3.43876
LL18,53.3118,-3.47766
LL19,53.3314,-3.41081
LL20,52.961,-3.16227
LL21,52.9887,-3.40818
LL22,53.2717,-3.59126
LL23,52.9058,-3.60228
LL24,53.0604,-3.78668
LL25,53.0545,-3.87936
LL26,53.1392,-3.78733
LL27,53.1482,-3.82715
LL28,53.289,-3.75906
LL29,53.2908,-3.71261
LL30,53.3173,-3.81802
LL31,53.2912,-3.81086
LL32,53.2616,-3.83997
LL33,53.2499,-3.98368
LL34,53.2714,-3.91332
LL35,52.5473,-4.04082
LL36,52.603,-4.06593
LL37,52.671,-4.07045
LL38,52.6989,-4.03762
LL39,52.7129,-4.0009
LL40,52.7553,-3.87673
LL41,52.9701,-3.93881
LL42,52.7262,-4.05386
LL43,52.7746,-4.09231
LL44,52.7874,-4.09533
LL45,52.8201,-4.09707
LL46,52.8563,-4.10778
LL47,52.902,-4.06249
LL48,52.9353,-4.07114
LL49,52.9289,-4.13834
LL51,52.9728,-4.23707
LL52,52.9248,-4.23744
LL53,52.8845,-4.48777
LL54,53.0605,-4.28602
LL55,53.1343,-4.21148
LL56,53.1877,-4.20004
LL57,53.2099,-4.1164
LL58,53.2791,-4.10076
LL59,53.2343,-4.15919
LL60,53.2159,-4.26799
LL61,53.1968,-4.25963
LL62,53.2112,-4.38603
LL63,53.2196,-4.47059
LL64,53.2291,-4.51476
LL65,53.301,-4.57536
LL66,53.3808,-4.40568
LL67,53.4112,-4.45628
LL68,53.3986,-4.37522
LL69,53.3862,-4.31946
LL70,53.3637,-4.28778
LL71,53.3272,-4.36874
LL72,53.3441,-4.24577
LL73,53.3353,-4.24497
LL74,53.3149,-4.23431
LL75,53.2835,-4.22095
LL76,53.3009,-4.23934
LL77,53.2593,-4.31236
LL78,53.3172,-4.26313
LN1,53.2563,-0.585538
LN10,53.1575,-0.215791
LN11,53.3724,0.0225381
LN12,53.3297,0.262786
LN13,53.2647,0.182917
LN2,53.2595,-0.510507
LN3,53.2808,-0.339167
LN4,53.1532,-0.391265
LN5,53.1876,-0.552973
LN6,53.2028,-0.596669
LN7,53.4894,-0.341553
LN8,53.3756,-0.329361
LN9,53.216,-0.111699
LS1,53.7974,-1.553
LS10,53.7653,-1.53179
LS11,53.7781,-1.55674
LS12,53.7914,-1.59531
LS13,53.8111,-1.63493
LS14,53.827,-1.45842
LS15,53.8066,-1.44626
LS16,53.8507,-1.60425
LS17,53.8582,-1.52904
LS18,53.8409,-1.64461
LS19,53.8608,-1.68586
LS2,53.8015,-1.54746
LS20,53.8733,-1.71372
LS21,53.9102,-1.68288
LS22,53.9317,-1.39261
LS23,53.9066,-1.35297
LS24,53.8714,-1.25554
LS25,53.7863,-1.32518
LS26,53.7568,-1.44322
LS27,53.7491,-1.60488
LS28,53.8016,-1.66913
LS29,53.9196,-1.80449
LS3,53.8015,-1.56309
LS4,53.8085,-1.58277
LS5,53.8181,-1.60235
LS6,53.8185,-1.56639
LS7,53.8177,-1.54044
LS8,53.8216,-1.51243
LS88,53.7518,-1.53522
LS9,53.7988,-1.51173
LS98,53.7735,-1.53214
LS99,53.7664,-1.50424
LU1,51.8764,-0.424688
LU2,51.8907,-0.397881
LU3,51.9064,-0.443095
LU4,51.8985,-0.465209
LU5,51.9077,-0.515362
LU6,51.881,-0.532759
LU7,51.9108,-0.661678
LU95,51.9137,-0.66278
M1,53.4777,-2.23678
M10,53.5028,-2.1939
M11,53.4784,-2.18325
M12,53.4657,-2.20574
M13,53.4622,-2.21718
M14,53.4469,-2.22508
M15,53.4662,-2.25258
M16,53.456,-2.26511
M17,53.4692,-2.31558
M18,53.4616,-2.17278
M19,53.4377,-2.19552
M2,53.4803,-2.24466
M20,53.4251,-2.23169
M21,53.4389,-2.27341
M22,53.3849,-2.26127
M23,53.3971,-2.28658
M24,53.5522,-2.19887
M25,53.5332,-2.27996
M26,53.5621,-2.33393
M27,53.5122,-2.33814
M28,53.5165,-2.39824
M29,53.515,-2.4703
M3,53.4835,-2.25228
M30,53.4759,-2.3675
M31,53.4431,-2.38066
M32,53.4501,-2.30838
M33,53.4226,-2.32484
M34,53.4548,-2.11602
M35,53.4978,-2.1527
M38,53.5298,-2.42026
M4,53.4848,-2.23065
M40,53.5027,-2.19387
M41,53.4511,-2.36274
M43,53.4831,-2.14892
M44,53.4407,-2.42714
M45,53.5447,-2.28975
M46,53.5255,-2.4922
M5,53.4797,-2.28561
M50,53.4767,-2.28999
M52,53.4504,-2.21543
M6,53.4916,-2.29584
M60,53.4847,-2.23313
M61,53.4863,-2.22951
M7,53.5042,-2.26169
M8,53.509,-2.24088
M9,53.5216,-2.21439
M90,53.3638,-2.27549
M99,53.4858,-2.22905
ME1,51.3755,0.499689
ME10,51.3427,0.735466
ME11,51.4136,0.748317
ME12,51.4246,0.798548
ME13,51.3053,0.894466
ME14,51.2759,0.538593
ME15,51.2549,0.532849
ME16,51.2734,0.498825
ME17,51.2365,0.60254
ME18,51.2443,0.423063
ME19,51.2932,0.410744
ME2,51.3913,0.484726
ME20,51.3059,0.459052
ME3,51.4313,0.546267
ME4,51.3813,0.528009
ME5,51.3522,0.531618
ME6,51.3245,0.439107
ME7,51.3804,0.554783
ME8,51.3621,0.594935
ME9,51.3359,0.723714
ME99,51.2858,0.518079
MK1,52.0071,-0.727159
MK10,52.0376,-0.695519
MK11,52.0499,-0.835545
MK12,52.0571,-0.817977
MK13,52.0522,-0.789562
MK14,52.0596,-0.768781
MK15,52.0558,-0.726421
MK16,52.0882,-0.721104
MK17,51.9995,-0.699334
MK18,51.9804,-0.970937
MK19,52.0716,-0.851532
MK2,51.9919,-0.72557
MK3,51.9953,-0.750066
MK4,52.0049,-0.776765
MK40,52.1374,-0.474489
MK41,52.1504,-0.450629
MK42,52.1193,-0.473645
MK43,52.1163,-0.549788
MK44,52.1882,-0.430056
MK45,52.0301,-0.472862
MK46,52.1531,-0.69598
MK5,52.0195,-0.776971
MK6,52.0292,-0.739267
MK7,52.0206,-0.692563
MK77,52.0411,-0.816062
MK8,52.036,-0.808271
MK9,52.0394,-0.750771
MK98,52.0555,-0.76028
ML1,55.7975,-3.97735
ML10,55.6847,-4.06193
ML11,55.6663,-3.78871
ML12,55.5733,-3.5886
ML2,55.7766,-3.91547
ML3,55.7711,-4.0529
ML4,55.8187,-4.02134
ML5,55.8596,-4.03064
ML6,55.8678,-3.9633
ML7,55.8298,-3.79579
ML8,55.7279,-3.838
ML9,55.7255,-3.96853
N1,51.5376,-0.0982184
N10,51.5939,-0.14426
N11,51.614,-0.137857
N12,51.6154,-0.178466
N13,51.621,-0.103731
N14,51.6333,-0.129993
N15,51.5807,-0.0859228
N16,51.5644,-0.0768058
N17,51.5974,-0.071086
N18,51.6137,-0.0647909
N19,51.5654,-0.128191
N1C,51.5365,-0.125889
N1P,51.539,-0.103398
N2,51.5903,-0.168632
N20,51.6296,-0.174762
N21,51.6355,-0.0996127
N22,51.6,-0.114107
N3,51.6004,-0.194114
N4,51.5708,-0.10462
N5,51.5538,-0.0985913
N6,51.5715,-0.14083
N7,51.5539,-0.118037
N8,51.5824,-0.120111
N81,51.5798,-0.0971106
N9,51.6278,-0.0588311
NE1,54.9725,-1.61302
NE10,54.9484,-1.55698
NE11,54.9401,-1.63175
NE12,55.0256,-1.57007
NE13,55.0418,-1.64735
NE15,54.9832,-1.71907
NE16,54.935,-1.69339
NE17,54.9159,-1.8188
NE18,55.0386,-1.86039
NE19,55.1795,-2.09497
NE2,54.9862,-1.60646
NE20,55.052,-1.77845
NE21,54.9588,-1.71972
NE22,55.1373,-1.58393
NE23,55.0838,-1.58472
NE24,55.1228,-1.52135
NE25,55.0494,-1.4887
NE26,55.0473,-1.46113
NE27,55.0309,-1.51185
NE28,55.0008,-1.51872
NE29,55.0118,-1.46946
NE3,55.0098,-1.63358
NE30,55.0198,-1.44287
NE31,54.9717,-1.51247
NE32,54.9697,-1.48441
NE33,54.9921,-1.43125
NE34,54.9728,-1.42325
NE35,54.9529,-1.4628
NE36,54.9472,-1.443
NE37,54.9114,-1.52841
NE38,54.895,-1.52584
NE39,54.9259,-1.75806
NE4,54.9728,-1.64378
NE40,54.966,-1.77034
NE41,54.9756,-1.82162
NE42,54.9624,-1.85403
NE43,54.9494,-1.90195
NE44,54.9441,-1.98047
NE45,54.9766,-2.01854
NE46,54.9779,-2.10439
NE47,54.9303,-2.24737
NE48,55.132,-2.26737
NE49,54.9665,-2.46086
NE5,54.9954,-1.68862
NE6,54.9772,-1.56742
NE61,55.1777,-1.68626
NE62,55.1613,-1.59284
NE63,55.1774,-1.56183
NE64,55.184,-1.51665
NE65,55.3109,-1.74126
NE66,55.4269,-1.72678
NE67,55.5344,-1.69384
NE68,55.5722,-1.66056
NE69,55.605,-1.71881
NE7,54.9973,-1.57967
NE70,55.592,-1.81617
NE71,55.5529,-2.04086
NE8,54.9563,-1.60499
NE82,54.9394,-1.615
NE83,54.9343,-1.61563
NE85,54.9287,-1.59962
NE88,54.9473,-1.61193
NE89,54.9007,-1.53613
NE9,54.9317,-1.58772
NE92,54.9418,-1.61497
NE98,54.9753,-1.5984
NE99,54.9679,-1.61485
NG1,52.9546,-1.14754
NG10,52.8999,-1.28216
NG11,52.8999,-1.17402
NG12,52.9103,-1.06031
NG13,52.9481,-0.927346
NG14,53.0133,-1.04157
NG15,53.0451,-1.20278
NG16,53.0265,-1.29833
NG17,53.116,-1.26123
NG18,53.1408,-1.1859
NG19,53.16,-1.19799
NG2,52.9372,-1.13688
NG20,53.2083,-1.18549
NG21,53.1426,-1.10706
NG22,53.1775,-0.970078
NG23,53.114,-0.801026
NG24,53.0708,-0.801936
NG25,53.0741,-0.950995
NG3,52.9677,-1.13025
NG31,52.9133,-0.641619
NG32,52.9468,-0.651549
NG33,52.821,-0.584005
NG34,52.9877,-0.395165
NG4,52.971,-1.08696
NG5,52.9969,-1.14347
NG6,52.9973,-1.19156
NG7,52.9584,-1.17831
NG70,53.1541,-1.18736
NG8,52.9636,-1.21475
NG80,52.936,-1.19194
NG9,52.9263,-1.23299
NG90,52.9266,-1.19278
NN1,52.2415,-0.891191
NN10,52.293,-0.599136
NN11,52.244,-1.17424
NN12,52.1278,-0.995788
NN13,52.0327,-1.14724
NN14,52.4112,-0.706229
NN15,52.384,-0.705454
NN16,52.4033,-0.702525
NN17,52.4999,-0.683317
NN18,52.4792,-0.710307
NN2,52.2594,-0.883877
NN29,52.2626,-0.665425
NN3,52.2626,-0.844014
NN4,52.2212,-0.897868
NN5,52.2456,-0.9314
NN6,52.3205,-0.945687
NN7,52.215,-0.919503
NN8,52.2979,-0.69254
NN9,52.3126,-0.615413
NN99,52.2364,-0.901825
NP1,51.6169,-3.11649
NP10,51.5801,-3.04309
NP11,51.6442,-3.1317
NP12,51.6687,-3.19777
NP13,51.7353,-3.14101
NP15,51.7232,-2.88928
NP16,51.649,-2.68672
NP18,51.6048,-2.94277
NP19,51.5868,-2.96223
NP2,51.7121,-3.22531
NP20,51.5901,-3.00448
NP22,51.7713,-3.25757
NP23,51.7845,-3.19791
NP24,51.7214,-3.23861
NP25,51.8042,-2.72299
NP26,51.5905,-2.77561
NP3,51.7652,-3.17591
NP4,51.6933,-3.03959
NP44,51.6514,-3.02758
NP5,51.7703,-2.79309
NP6,51.6208,-2.78176
NP7,51.8284,-3.01232
NP8,51.8576,-3.14119
NP9,51.5892,-2.98904
NPT,51.5894,-2.98984
NR1,52.6289,1.3087
NR10,52.7353,1.24484
NR11,52.8402,1.27484
NR12,52.7577,1.46636
NR13,52.6341,1.46849
NR14,52.5657,1.37528
NR15,52.5055,1.26655
NR16,52.4785,1.05538
NR17,52.5155,0.99637
NR18,52.571,1.1092
NR19,52.6761,0.931338
NR2,52.6308,1.28521
NR20,52.722,0.978793
NR21,52.8404,0.850438
NR22,52.8928,0.863597
NR23,52.9492,0.857809
NR24,52.8578,1.04555
NR25,52.9202,1.08295
NR26,52.9375,1.21142
NR27,52.925,1.29985
NR28,52.8222,1.39676
NR29,52.6892,1.64198
NR3,52.6433,1.29499
NR30,52.6177,1.72709
NR31,52.577,1.70953
NR32,52.4878,1.73307
NR33,52.4557,1.71836
NR34,52.4397,1.58259
NR35,52.4615,1.43302
NR4,52.614,1.26089
NR5,52.6414,1.23711
NR6,52.6609,1.28319
NR7,52.6452,1.33322
NR8,52.6765,1.20762
NR9,52.6314,1.11064
NR99,52.6266,1.30916
NW1,51.5323,-0.142798
NW10,51.5392,-0.248878
NW11,51.5787,-0.198407
NW1W,51.5308,-0.135426
NW2,51.5594,-0.218399
NW26,51.5329,-0.207709
NW3,51.5526,-0.173182
NW4,51.5874,-0.223765
NW5,51.5516,-0.144673
NW6,51.5402,-0.1956
NW7,51.615,-0.2363
NW8,51.5317,-0.174566
NW9,51.5865,-0.253848
OL1,53.5469,-2.10615
OL10,53.5905,-2.22273
OL11,53.6063,-2.17402
OL12,53.6345,-2.16537
OL13,53.7008,-2.20423
OL14,53.7142,-2.10085
OL15,53.6436,-2.10264
OL16,53.6133,-2.13847
OL2,53.5713,-2.10945
OL3,53.5525,-2.01147
OL4,53.5423,-2.07582
OL5,53.5167,-2.04076
OL6,53.4926,-2.08841
OL7,53.4894,-2.10621
OL8,53.5271,-2.11723
OL9,53.5389,-2.14176
OL95,53.5563,-2.1054
OX1,51.7469,-1.26226
OX10,51.6057,-1.12941
OX11,51.6001,-1.25027
OX12,51.5954,-1.4254
OX13,51.6769,-1.34928
OX14,51.6678,-1.27845
OX15,52.0331,-1.40256
OX16,52.0636,-1.33899
OX17,52.0724,-1.29239
OX18,51.7624,-1.59246
OX2,51.7631,-1.27757
OX20,51.8546,-1.35704
OX25,51.9002,-1.20737
OX26,51.9012,-1.15123
OX27,51.9338,-1.14991
OX28,51.7844,-1.48578
OX29,51.7931,-1.43977
OX3,51.7603,-1.21549
OX33,51.7567,-1.14357
OX39,51.7038,-0.917183
OX4,51.7287,-1.21428
OX44,51.7009,-1.13507
OX49,51.6492,-1.00184
OX5,51.8605,-1.29341
OX6,51.909,-1.16887
OX7,51.8984,-1.4948
OX8,51.7823,-1.49883
OX9,51.7029,-1.04068
PA1,55.8449,-4.42014
PA10,55.8329,-4.54943
PA11,55.8572,-4.58402
PA12,55.7968,-4.61909
PA13,55.8898,-4.62582
PA14,55.9283,-4.66687
PA15,55.9429,-4.74699
PA16,55.9427,-4.79799
PA17,55.8692,-4.87488
PA18,55.8914,-4.88011
PA19,55.9524,-4.82129
PA2,55.8297,-4.43465
PA20,55.8343,-5.05698
PA21,55.9031,-5.25037
PA22,55.9702,-5.12229
PA23,55.954,-4.9332
PA24,56.1548,-4.90416
PA25,56.214,-5.04377
PA26,56.2605,-4.93511
PA27,56.1478,-5.07732
PA28,55.4339,-5.60568
PA29,55.8059,-5.4747
PA3,55.8514,-4.444
PA30,56.0135,-5.44951
PA31,56.0517,-5.45686
PA32,56.1971,-5.12764
PA33,56.3745,-5.04441
PA34,56.4014,-5.49826
PA35,56.4069,-5.22744
PA36,56.52,-4.7731
PA37,56.4631,-5.39764
PA38,56.5953,-5.33233
PA39,56.6733,-5.10653
PA4,55.8753,-4.39581
PA40,56.7139,-4.96469
PA41,55.675,-5.74237
PA42,55.6389,-6.18781
PA43,55.7558,-6.28464
PA44,55.7977,-6.28834
PA45,55.8196,-6.16685
PA46,55.8612,-6.1196
PA47,55.682,-6.50402
PA48,55.7387,-6.38451
PA49,55.7799,-6.38999
PA5,55.8316,-4.50995
PA6,55.863,-4.53443
PA60,55.8783,-5.91789
PA61,56.0716,-6.203
PA62,56.3593,-5.85149
PA63,56.3818,-5.71584
PA64,56.4465,-5.69109
PA65,56.4691,-5.7253
PA66,56.3274,-6.33963
PA67,56.3138,-6.23196
PA68,56.4346,-6.14265
PA69,56.3794,-6.07782
PA7,55.907,-4.50169
PA70,56.3652,-6.02689
PA71,56.4807,-5.9815
PA72,56.5179,-5.96576
PA73,56.4959,-6.1837
PA74,56.533,-6.22975
PA75,56.6142,-6.10793
PA76,56.3335,-6.39495
PA77,56.4952,-6.87843
PA78,56.6264,-6.54584
PA8,55.9013,-4.45328
PA80,56.7986,-6.77083
PA81,57.2314,-7.34773
PA82,57.597,-7.30592
PA83,57.7652,-7.00997
PA84,57.8698,-6.69096
PA85,57.8782,-6.85546
PA86,58.2476,-6.46737
PA87,58.2098,-6.37269
PA88,57.4503,-7.34403
PA9,55.8112,-4.55028
PA98,55.8606,-4.42976
PE1,52.5912,-0.248622
PE10,52.7737,-0.377781
PE11,52.806,-0.163921
PE12,52.7861,0.0188498
PE13,52.6689,0.139552
PE14,52.6391,0.201621
PE15,52.5388,0.0860328
PE16,52.4547,0.0492903
PE17,52.381,-0.117076
PE18,52.3231,-0.212606
PE19,52.2366,-0.263493
PE2,52.5679,-0.27383
PE20,52.9329,-0.102115
PE21,52.9747,-0.0235755
PE22,53.0475,0.0419489
PE23,53.1727,0.0907714
PE24,53.1646,0.268098
PE25,53.1522,0.334608
PE26,52.453,-0.114988
PE27,52.3308,-0.0753548
PE28,52.3583,-0.190392
PE29,52.3345,-0.18098
PE3,52.5863,-0.277343
PE30,52.7588,0.413361
PE31,52.8757,0.564154
PE32,52.7291,0.621976
PE33,52.6514,0.462203
PE34,52.7269,0.342452
PE35,52.8271,0.509787
PE36,52.9381,0.505382
PE37,52.6438,0.692837
PE38,52.5917,0.376165
PE4,52.6121,-0.265318
PE5,52.578,-0.345846
PE6,52.6545,-0.256432
PE7,52.5395,-0.205342
PE8,52.5268,-0.441712
PE9,52.6538,-0.478613
PE99,52.614,-0.287219
PH1,56.4182,-3.473
PH10,56.6056,-3.35702
PH11,56.64,-3.23634
PH12,56.5755,-3.15667
PH13,56.5388,-3.27716
PH14,56.4508,-3.18774
PH15,56.611,-3.93177
PH16,56.706,-3.79787
PH17,56.686,-4.36927
PH18,56.7753,-3.89315
PH19,56.9341,-4.25456
PH2,56.386,-3.40874
PH20,57.0558,-4.14826
PH21,57.0891,-4.02239
PH22,57.1989,-3.81191
PH23,57.2875,-3.80023
PH24,57.2585,-3.74087
PH25,57.2653,-3.64585
PH26,57.3298,-3.60581
PH3,56.3014,-3.70519
PH30,56.789,-4.59983
PH31,56.8923,-4.82159
PH32,57.1441,-4.68372
PH33,56.8157,-5.0866
PH34,56.916,-4.92897
PH35,57.0751,-4.8889
PH36,56.7195,-5.8547
PH37,56.8419,-5.49462
PH38,56.8522,-5.74011
PH39,56.912,-5.84183
PH4,56.2637,-3.77951
PH40,56.9622,-5.80002
PH41,57.0036,-5.8263
PH42,56.8681,-6.19163
PH43,57.0136,-6.28196
PH44,57.0568,-6.50327
PH49,56.6784,-5.11513
PH5,56.3294,-3.82976
PH50,56.7144,-4.96576
PH6,56.3718,-3.98871
PH7,56.3733,-3.82978
PH8,56.5625,-3.59727
PH9,56.6541,-3.6989
PL1,50.3701,-4.14824
PL10,50.3477,-4.21241
PL11,50.3732,-4.25328
PL12,50.4184,-4.24713
PL13,50.3589,-4.4723
PL14,50.4626,-4.46598
PL15,50.6323,-4.39378
PL16,50.6451,-4.27503
PL17,50.5147,-4.30631
PL18,50.5156,-4.22383
PL19,50.5546,-4.15322
PL2,50.3867,-4.15641
PL20,50.5038,-4.10048
PL21,50.3854,-3.91932
PL22,50.4038,-4.65352
PL23,50.3371,-4.63647
PL24,50.3547,-4.71295
PL25,50.341,-4.77656
PL26,50.3459,-4.82458
PL27,50.5223,-4.87061
PL28,50.5325,-4.96714
PL29,50.5828,-4.82684
PL3,50.386,-4.12574
PL30,50.4992,-4.727
PL31,50.4691,-4.72256
PL32,50.6322,-4.66365
PL33,50.6224,-4.73146
PL34,50.66,-4.74383
PL35,50.6844,-4.68496
PL4,50.3747,-4.12748
PL5,50.411,-4.16699
PL6,50.4183,-4.1191
PL7,50.3909,-4.04584
PL8,50.3379,-4.01861
PL9,50.3557,-4.08897
PL95,50.3666,-4.10448
PO1,50.7993,-1.08993
PO10,50.8515,-0.930779
PO11,50.7915,-0.977339
PO12,50.7987,-1.14274
PO13,50.8116,-1.17915
PO14,50.8397,-1.21205
PO15,50.8638,-1.22189
PO16,50.8505,-1.16214
PO17,50.8878,-1.17403
PO18,50.862,-0.812806
PO19,50.8369,-0.777493
PO2,50.816,-1.0788
PO20,50.7955,-0.771515
PO21,50.7848,-0.69345
PO22,50.799,-0.649622
PO24,,
PO3,50.8151,-1.06155
PO30,50.6935,-1.31005
PO31,50.7524,-1.30623
PO32,50.7498,-1.28155
PO33,50.7212,-1.16861
PO34,50.7161,-1.11404
PO35,50.6878,-1.0887
PO36,50.658,-1.16248
PO37,50.6328,-1.17809
PO38,50.6035,-1.23838
PO39,50.6805,-1.53945
PO4,50.7909,-1.06435
PO40,50.6827,-1.52232
PO41,50.6999,-1.47809
PO5,50.7897,-1.0866
PO6,50.8461,-1.06958
PO7,50.8845,-1.04212
PO8,50.9109,-1.0148
PO9,50.8619,-0.983042
PR0,53.7588,-2.68391
PR1,53.7579,-2.70186
PR11,53.7787,-2.68495
PR2,53.7756,-2.70534
PR25,53.6954,-2.69558
PR26,53.689,-2.73768
PR3,53.867,-2.71783
PR4,53.7531,-2.83146
PR5,53.7133,-2.68108
PR6,53.6645,-2.61458
PR7,53.6488,-2.65278
PR8,53.6276,-3.00517
PR9,53.657,-2.97184
RG1,51.4514,-0.970786
RG10,51.4799,-0.867361
RG11,51.3986,-0.839517
RG12,51.4119,-0.752708
RG13,51.4054,-1.28932
RG14,51.3983,-1.32124
RG15,51.3576,-1.34484
RG16,51.4711,-1.36218
RG17,51.4379,-1.4986
RG18,51.431,-1.24758
RG19,51.3968,-1.2234
RG2,51.4239,-0.955301
RG20,51.4031,-1.33495
RG21,51.2668,-1.09051
RG22,51.2522,-1.1229
RG23,51.2592,-1.14685
RG24,51.2799,-1.07856
RG25,51.2357,-1.08549
RG26,51.3481,-1.12813
RG27,51.3066,-0.948911
RG28,51.2349,-1.32994
RG29,51.249,-0.947278
RG3,51.4533,-1.02712
RG30,51.4533,-1.0093
RG31,51.4564,-1.04022
RG4,51.4781,-0.965372
RG40,51.4027,-0.836038
RG41,51.4159,-0.857194
RG42,51.4248,-0.760169
RG45,51.3785,-0.802619
RG5,51.4529,-0.907011
RG6,51.4425,-0.933543
RG7,51.3975,-1.08175
RG8,51.5052,-1.10682
RG9,51.5426,-0.920332
RH1,51.238,-0.159079
RH10,51.1195,-0.164412
RH11,51.1121,-0.204761
RH12,51.0747,-0.329198
RH13,51.0384,-0.33313
RH14,51.0314,-0.479465
RH15,50.9568,-0.135913
RH16,51.0029,-0.0998725
RH17,51.0202,-0.118721
RH18,51.1008,0.0251335
RH19,51.1258,-0.0134751
RH2,51.2366,-0.203254
RH20,50.9375,-0.471781
RH3,51.2328,-0.284518
RH4,51.2307,-0.333852
RH5,51.1961,-0.34225
RH6,51.1716,-0.165433
RH7,51.1745,-0.0184122
RH77,51.1388,-0.169779
RH8,51.2527,-0.0001601
RH9,51.2369,-0.0766471
RM1,51.5802,0.182053
RM10,51.5456,0.156584
RM11,51.5696,0.218021
RM12,51.5547,0.209001
RM13,51.5235,0.191679
RM14,51.5561,0.261276
RM15,51.509,0.277044
RM16,51.4888,0.320343
RM17,51.4796,0.325947
RM18,51.4676,0.370449
RM19,51.4825,0.252312
RM2,51.5825,0.199322
RM20,51.4788,0.286579
RM3,51.6021,0.224269
RM4,51.6333,0.161511
RM5,51.5981,0.165343
RM50,51.5703,0.170637
RM6,51.575,0.133677
RM7,51.5733,0.169606
RM8,51.5572,0.130803
RM9,51.544,0.136729
S1,53.3806,-1.46948
S10,53.3771,-1.51688
S11,53.3607,-1.50808
S12,53.3498,-1.40915
S13,53.3648,-1.38442
S14,53.3471,-1.4449
S17,53.3226,-1.52604
S18,53.2995,-1.47305
S19,53.3345,-1.3516
S2,53.3716,-1.45091
S20,53.3342,-1.34956
S21,53.3131,-1.3399
S25,53.3676,-1.2199
S26,53.3553,-1.28754
S3,53.3867,-1.47304
S30,53.4457,-1.57621
S31,53.3426,-1.28395
S32,53.2948,-1.64481
S33,53.3432,-1.73367
S35,53.4582,-1.49546
S36,53.5053,-1.61619
S4,53.3977,-1.45149
S40,53.2346,-1.44339
S41,53.2468,-1.42901
S42,53.2016,-1.42256
S43,53.2683,-1.33986
S44,53.2258,-1.31229
S45,53.1677,-1.42084
S49,53.2352,-1.43481
S5,53.4223,-1.46224
S6,53.4024,-1.50935
S60,53.4166,-1.35268
S61,53.4431,-1.39309
S62,53.4662,-1.34522
S63,53.5171,-1.3298
S64,53.4914,-1.29982
S65,53.4362,-1.3217
S66,53.4213,-1.25152
S69,,
S7,53.3547,-1.4899
S70,53.5438,-1.47669
S71,53.5733,-1.45736
S72,53.5776,-1.39442
S73,53.5243,-1.39559
S74,53.5018,-1.44058
S75,53.5617,-1.51893
S8,53.3428,-1.47941
S80,53.295,-1.14681
S81,53.3368,-1.12406
S9,53.3968,-1.42098
S94,,
S95,53.4146,-1.41051
S96,53.403,-1.42703
S97,53.4977,-1.34314
S98,53.4041,-1.43114
S99,53.4042,-1.43103
SA1,51.6293,-3.93855
SA10,51.686,-3.80139
SA11,51.6738,-3.76646
SA12,51.6074,-3.7949
SA13,51.6042,-3.73742
SA14,51.7318,-4.10917
SA15,51.6968,-4.16733
SA16,51.6891,-4.25415
SA17,51.7551,-4.28607
SA18,51.7974,-3.96295
SA19,51.9486,-3.95117
SA2,51.6216,-3.99108
SA20,52.0096,-3.78837
SA3,51.5824,-4.04142
SA31,51.8561,-4.3091
SA32,51.8874,-4.17255
SA33,51.8492,-4.43348
SA34,51.8509,-4.61836
SA35,51.9737,-4.5609
SA36,51.9578,-4.60836
SA37,52.018,-4.59562
SA38,52.0415,-4.47006
SA39,52.0206,-4.24863
SA4,51.6761,-4.04274
SA40,52.0851,-4.16952
SA41,51.9982,-4.70407
SA42,52.0156,-4.85277
SA43,52.0867,-4.63213
SA44,52.0833,-4.36959
SA45,52.2057,-4.35819
SA46,52.2297,-4.24515
SA47,52.1907,-4.29673
SA48,52.1423,-4.11092
SA5,51.6487,-3.96903
SA6,51.6748,-3.92147
SA61,51.7992,-4.97443
SA62,51.8393,-5.06054
SA63,51.8704,-4.86197
SA64,52.002,-5.01085
SA65,51.9887,-4.97032
SA66,51.8773,-4.74474
SA67,51.7852,-4.73414
SA68,51.731,-4.76402
SA69,51.7096,-4.70675
SA7,51.6632,-3.89396
SA70,51.6721,-4.7345
SA71,51.6695,-4.93328
SA72,51.692,-4.93716
SA73,51.7178,-5.01552
SA8,51.7216,-3.84715
SA80,51.6479,-3.92426
SA9,51.7808,-3.77066
SA99,51.67,-3.94545
SE1,51.4982,-0.0903217
SE10,51.4843,0.00111541
SE11,51.4895,-0.108967
SE12,51.4461,0.0263379
SE13,51.4593,-0.0104918
SE14,51.4755,-0.0430916
SE15,51.4727,-0.0670923
SE16,51.4965,-0.0551859
SE17,51.4886,-0.0947491
SE18,51.4855,0.0713077
SE19,51.4182,-0.0851901
SE1P,51.4928,-0.0801511
SE2,51.4913,0.114504
SE20,51.4131,-0.0580355
SE21,51.4383,-0.0884458
SE22,51.4546,-0.0725946
SE23,51.4401,-0.0501242
SE24,51.4571,-0.100236
SE25,51.3981,-0.0775043
SE26,51.4279,-0.0542863
SE27,51.4304,-0.101594
SE28,51.5012,0.104348
SE3,51.4685,0.0175926
SE4,51.4618,-0.035415
SE5,51.4741,-0.092937
SE6,51.4386,-0.0176241
SE7,51.4853,0.0316075
SE8,51.4817,-0.0289263
SE9,51.4461,0.0545833
SE99,51.4782,-0.081697
SG1,51.909,-0.197568
SG10,51.843,0.0660374
SG11,51.8768,0.0255419
SG12,51.8128,-0.0181221
SG13,51.7899,-0.0720555
SG14,51.8057,-0.0908841
SG15,52.0116,-0.26241
SG16,52.0133,-0.299309
SG17,52.0349,-0.334945
SG18,52.0826,-0.263932
SG19,52.1382,-0.246849
SG2,51.8965,-0.169443
SG3,51.8613,-0.18251
SG4,51.9253,-0.261225
SG5,51.9649,-0.277586
SG6,51.9795,-0.220863
SG7,52.0018,-0.178536
SG8,52.0647,-0.0148312
SG9,51.9401,-0.0104257
SK1,53.4082,-2.15381
SK10,53.2736,-2.12987
SK11,53.2477,-2.14263
SK12,53.3501,-2.01804
SK13,53.4476,-1.96352
SK14,53.453,-2.04694
SK15,53.4865,-2.05029
SK16,53.4728,-2.08243
SK17,53.247,-1.8845
SK2,53.3963,-2.13783
SK22,53.3737,-1.99325
SK23,53.3281,-1.94614
SK3,53.3999,-2.17076
SK4,53.4173,-2.17863
SK5,53.4324,-2.1538
SK6,53.4057,-2.08174
SK7,53.369,-2.14469
SK8,53.3813,-2.20882
SK9,53.3268,-2.231
SL0,51.5227,-0.51648
SL1,51.516,-0.614317
SL2,51.5327,-0.602814
SL3,51.5006,-0.557917
SL4,51.4768,-0.623799
SL5,51.4048,-0.66205
SL6,51.5229,-0.726483
SL60,51.5186,-0.714787
SL7,51.5743,-0.777792
SL8,51.5778,-0.708882
SL9,51.5956,-0.555525
SL95,51.4991,-0.538793
SM1,51.3648,-0.19305
SM2,51.3532,-0.197809
SM3,51.37,-0.21429
SM4,51.393,-0.200211
SM5,51.3667,-0.165545
SM6,51.361,-0.146462
SM7,51.3228,-0.202069
SN1,51.5566,-1.7758
SN10,51.3394,-1.98814
SN11,51.4395,-1.99979
SN12,51.3727,-2.13729
SN13,51.4264,-2.20761
SN14,51.4659,-2.19856
SN15,51.4709,-2.09157
SN16,51.5892,-2.08104
SN17,51.5462,-1.84258
SN2,51.5796,-1.77815
SN25,51.5949,-1.80365
SN26,51.6113,-1.785
SN3,51.56,-1.74319
SN38,51.5599,-1.78933
SN4,51.5318,-1.84518
SN42,,
SN5,51.5676,-1.83893
SN6,51.6149,-1.74531
SN7,51.6502,-1.56703
SN8,51.4096,-1.69399
SN86,,
SN9,51.3289,-1.78295
SN99,51.5547,-1.74333
SO1,50.9232,-1.42823
SO14,50.9078,-1.39655
SO15,50.9167,-1.42591
SO16,50.9345,-1.43294
SO17,50.926,-1.3974
SO18,50.9238,-1.36652
SO19,50.9028,-1.35731
SO2,50.9166,-1.36891
SO20,51.1149,-1.50257
SO21,51.073,-1.31442
SO22,51.0661,-1.33184
SO23,51.0672,-1.30568
SO24,51.0854,-1.1503
SO25,51.0676,-1.29735
SO3,50.9025,-1.28165
SO30,50.9211,-1.30695
SO31,50.8703,-1.29462
SO32,50.9467,-1.21443
SO4,50.8408,-1.49221
SO40,50.9169,-1.50429
SO41,50.756,-1.56125
SO42,50.8062,-1.53871
SO43,50.8891,-1.58223
SO45,50.8497,-1.39509
SO5,50.9808,-1.39827
SO50,50.9708,-1.34545
SO51,50.9941,-1.50065
SO52,50.9776,-1.43623
SO53,50.9842,-1.38116
SO9,50.9129,-1.407
SO97,50.9485,-1.36196
SP1,51.0737,-1.79114
SP10,51.2107,-1.48329
SP11,51.226,-1.51427
SP2,51.0725,-1.8191
SP3,51.0997,-2.005
SP4,51.1622,-1.76696
SP5,51.0244,-1.77315
SP6,50.9354,-1.80113
SP7,51.0055,-2.18614
SP8,51.0369,-2.28871
SP9,51.2329,-1.66362
SR1,54.9069,-1.38158
SR2,54.8885,-1.37861
SR3,54.8778,-1.41649
SR4,54.9015,-1.42479
SR43,54.9102,-1.42554
SR5,54.9216,-1.42211
SR6,54.934,-1.38074
SR7,54.8308,-1.36064
SR8,54.7665,-1.33658
SR88,54.7567,-1.33492
SR9,54.9118,-1.40853
SS0,51.5458,0.691398
SS1,51.5394,0.724213
SS11,51.6164,0.535279
SS12,51.6059,0.520813
SS13,51.5749,0.507567
SS14,51.5749,0.470201
SS15,51.5769,0.429128
SS16,51.563,0.451715
SS17,51.5218,0.439505
SS2,51.55,0.715668
SS22,51.5555,0.709384
SS3,51.5422,0.789626
SS4,51.5919,0.712269
SS5,51.6068,0.649418
SS6,51.5877,0.606315
SS7,51.5631,0.577719
SS8,51.522,0.589393
SS9,51.5536,0.652162
SS99,51.5481,0.710759
ST1,53.0252,-2.17463
ST10,52.9885,-1.96608
ST11,52.9669,-2.06778
ST12,52.9538,-2.17226
ST13,53.1015,-2.01987
ST14,52.9036,-1.86925
ST15,52.8984,-2.15135
ST16,52.8105,-2.12094
ST17,52.7895,-2.10099
ST18,52.8147,-2.08332
ST19,52.716,-2.14496
ST2,53.0272,-2.13718
ST20,52.7985,-2.25486
ST21,52.8687,-2.26251
ST3,52.9811,-2.12293
ST4,52.9978,-2.18354
ST5,53.0151,-2.23925
ST55,53.016,-2.2503
ST6,53.0564,-2.19196
ST7,53.0881,-2.26738
ST8,53.1155,-2.16862
ST9,53.0497,-2.10384
SW10,51.4838,-0.183043
SW11,51.467,-0.164245
SW12,51.4462,-0.149934
SW13,51.4744,-0.249085
SW14,51.4665,-0.266675
SW15,51.458,-0.225755
SW16,51.4237,-0.129574
SW17,51.4302,-0.165253
SW18,51.4505,-0.19157
SW19,51.4221,-0.205404
SW1A,51.502,-0.133823
SW1E,51.4968,-0.140165
SW1H,51.4977,-0.134441
SW1P,51.4888,-0.133584
SW1V,51.4907,-0.139434
SW1W,51.4932,-0.147678
SW1X,51.4975,-0.153413
SW1Y,51.5053,-0.135187
SW2,51.4508,-0.120685
SW20,51.4125,-0.224031
SW3,51.4882,-0.164871
SW4,51.4616,-0.137229
SW5,51.4897,-0.189649
SW6,51.4774,-0.200492
SW7,51.4965,-0.176531
SW8,51.4766,-0.132763
SW9,51.4691,-0.113682
SW95,51.4805,-0.136332
SW99,51.4724,-0.115672
SY1,52.7198,-2.74332
SY10,52.839,-3.10846
SY11,52.8673,-3.03128
SY12,52.9021,-2.89688
SY13,52.9532,-2.68909
SY14,53.0279,-2.76299
SY15,52.5603,-3.1343
SY16,52.52,-3.31252
SY17,52.517,-3.46158
SY18,52.442,-3.54942
SY19,52.5716,-3.59491
SY2,52.7059,-2.73078
SY20,52.6133,-3.82084
SY21,52.6582,-3.20052
SY22,52.7581,-3.18173
SY23,52.3851,-4.05522
SY24,52.4692,-4.02533
SY25,52.2372,-3.936
SY3,52.7003,-2.77114
SY4,52.794,-2.75309
SY5,52.6554,-2.82709
SY6,52.5352,-2.79437
SY7,52.4265,-2.88248
SY8,52.3654,-2.69687
SY9,52.4962,-2.98247
SY99,52.7129,-2.74956
TA1,51.0164,-3.10569
TA10,51.0339,-2.82651
TA11,51.0601,-2.70982
TA12,50.9742,-2.77221
TA13,50.9471,-2.8104
TA14,50.9479,-2.75109
TA15,50.9514,-2.72213
TA16,50.9077,-2.79313
TA17,50.9082,-2.83622
TA18,50.8828,-2.78808
TA19,50.934,-2.91549
TA2,51.0329,-3.10152
TA20,50.8732,-2.96124
TA21,50.9779,-3.24195
TA22,51.0447,-3.54674
TA23,51.165,-3.34924
TA24,51.1843,-3.50722
TA3,50.9944,-3.04172
TA4,51.0719,-3.26528
TA5,51.1424,-3.08993
TA6,51.1259,-3.00109
TA7,51.1311,-2.91484
TA8,51.2438,-2.99482
TA9,51.2259,-2.95933
TD1,55.6226,-2.81085
TD10,55.7162,-2.44214
TD11,55.787,-2.31564
TD12,55.653,-2.24215
TD13,55.9363,-2.38477
TD14,55.8671,-2.12257
TD15,55.7508,-2.013
TD2,55.7307,-2.75486
TD3,55.7016,-2.57322
TD4,55.6406,-2.67384
TD5,55.5894,-2.41904
TD6,55.583,-2.69557
TD7,55.5379,-2.86949
TD8,55.476,-2.54334
TD9,55.3997,-2.77752
TF1,52.7032,-2.50081
TF10,52.7686,-2.38621
TF11,52.6639,-2.36425
TF12,52.6129,-2.48086
TF13,52.5823,-2.5768
TF2,52.6957,-2.441
TF3,52.6662,-2.44755
TF4,52.661,-2.46952
TF5,52.7151,-2.53681
TF6,52.7335,-2.55437
TF7,52.6395,-2.44718
TF8,52.6303,-2.47853
TF9,52.8981,-2.47238
TN1,51.1369,0.268053
TN10,51.2102,0.284264
TN11,51.2058,0.267145
TN12,51.1729,0.438064
TN13,51.2749,0.186165
TN14,51.2951,0.16307
TN15,51.299,0.267988
TN16,51.2972,0.0483736
TN17,51.0954,0.537514
TN18,51.0454,0.524411
TN19,51.0044,0.41328
TN2,51.1267,0.267812
TN20,51.0307,0.253902
TN21,50.9605,0.260976
TN22,50.98,0.097329
TN23,51.1408,0.860746
TN24,51.1498,0.885391
TN25,51.1422,0.933008
TN26,51.1013,0.804788
TN27,51.1662,0.708275
TN28,50.9836,0.949343
TN29,50.9928,0.932827
TN3,51.1246,0.250257
TN30,51.0642,0.695092
TN31,50.9604,0.695845
TN32,50.9788,0.488135
TN33,50.9118,0.476865
TN34,50.863,0.579868
TN35,50.88,0.609649
TN36,50.9218,0.701329
TN37,50.8706,0.556251
TN38,50.8651,0.544755
TN39,50.8461,0.45368
TN4,51.1469,0.258296
TN40,50.8439,0.48028
TN5,51.0679,0.358111
TN6,51.0539,0.171592
TN7,51.0914,0.110281
TN8,51.1954,0.075993
TN9,51.1912,0.278622
TQ1,50.4737,-3.52773
TQ10,50.4243,-3.81771
TQ11,50.4806,-3.78035
TQ12,50.53,-3.61089
TQ13,50.5911,-3.71164
TQ14,50.5499,-3.50656
TQ2,50.4758,-3.54478
TQ3,50.4434,-3.57468
TQ4,50.4254,-3.57182
TQ5,50.3922,-3.52231
TQ6,50.3478,-3.59055
TQ7,50.2827,-3.78444
TQ8,50.2403,-3.77217
TQ9,50.4201,-3.6904
TR1,50.2615,-5.05314
TR10,50.1663,-5.11824
TR11,50.1505,-5.0879
TR12,50.0442,-5.18461
TR13,50.1094,-5.28588
TR14,50.2114,-5.29619
TR15,50.2331,-5.2372
TR16,50.2331,-5.22225
TR17,50.1254,-5.47042
TR18,50.1179,-5.54168
TR19,50.1017,-5.62655
TR2,50.2544,-4.9563
TR20,50.1311,-5.49165
TR21,49.9481,-6.18765
TR22,49.8936,-6.34198
TR23,49.9539,-6.35263
TR24,49.9554,-6.33532
TR25,49.9634,-6.29114
TR26,50.2028,-5.47993
TR27,50.1826,-5.40738
TR3,50.2204,-5.10802
TR4,50.284,-5.1319
TR5,50.3072,-5.18766
TR6,50.3425,-5.153
TR7,50.4138,-5.07634
TR8,50.4014,-5.04053
TR9,50.4141,-4.94156
TR93,50.1294,-5.50275
TS1,54.5731,-1.2396
TS10,54.6057,-1.07221
TS11,54.588,-1.03389
TS12,54.5634,-0.967179
TS13,54.5505,-0.858524
TS14,54.5323,-1.06191
TS15,54.4933,-1.33383
TS16,54.5261,-1.35373
TS17,54.5389,-1.30504
TS18,54.5624,-1.32169
TS19,54.5761,-1.33846
TS2,54.5834,-1.23747
TS20,54.5855,-1.31444
TS21,54.624,-1.42249
TS22,54.6212,-1.32141
TS23,54.6065,-1.28698
TS24,54.6936,-1.21067
TS25,54.6634,-1.22408
TS26,54.6884,-1.2308
TS27,54.7223,-1.28785
TS28,54.7256,-1.37492
TS29,54.7112,-1.41996
TS3,54.5619,-1.1985
TS4,54.5572,-1.22369
TS5,54.552,-1.25215
TS6,54.5674,-1.15605
TS7,54.5331,-1.18664
TS8,54.5216,-1.23117
TS9,54.469,-1.16853
TS90,54.5759,-1.24494
TW1,51.451,-0.32788
TW10,51.4515,-0.302831
TW11,51.4267,-0.332606
TW12,51.421,-0.369487
TW13,51.4392,-0.403494
TW14,51.4522,-0.420014
TW15,51.4304,-0.455785
TW16,51.4164,-0.417522
TW17,51.3975,-0.447989
TW18,51.4293,-0.510653
TW19,51.4521,-0.505313
TW2,51.4471,-0.350065
TW20,51.4282,-0.548744
TW3,51.4686,-0.36331
TW4,51.467,-0.384413
TW5,51.4803,-0.381544
TW6,51.4685,-0.450981
TW7,51.4749,-0.331761
TW8,51.486,-0.308415
TW9,51.4671,-0.297065
UB1,51.5123,-0.376478
UB10,51.5473,-0.455659
UB11,51.5156,-0.453451
UB18,51.5007,-0.402684
UB2,51.5006,-0.380383
UB3,51.505,-0.421554
UB4,51.5231,-0.408609
UB5,51.5443,-0.374697
UB6,51.5403,-0.344336
UB7,51.507,-0.471313
UB8,51.537,-0.478835
UB9,51.5799,-0.491825
W10,51.5201,-0.222708
W11,51.5128,-0.217708
W12,51.5094,-0.238863
W13,51.5131,-0.321438
W14,51.4954,-0.211162
W1A,51.5185,-0.131276
W1B,51.5141,-0.140664
W1C,51.5144,-0.149426
W1D,51.5136,-0.132932
W1E,,
W1F,51.5135,-0.136496
W1G,51.5191,-0.148037
W1H,51.5174,-0.159516
W1J,51.508,-0.144915
W1K,51.5112,-0.150857
W1M,51.5182,-0.150597
W1N,51.5187,-0.143713
W1P,51.5198,-0.137612
W1R,51.5129,-0.141066
W1S,51.5113,-0.14235
W1T,51.5201,-0.136474
W1U,51.5186,-0.153394
W1V,51.5124,-0.135874
W1W,51.5191,-0.140947
W1X,51.5095,-0.144369
W1Y,51.5101,-0.149848
W2,51.5144,-0.188587
W3,51.5083,-0.270141
W4,51.4914,-0.263591
W5,51.5122,-0.303999
W6,51.4925,-0.231098
W7,51.5098,-0.335079
W8,51.5004,-0.195402
W9,51.5235,-0.194075
WA1,53.3927,-2.58026
WA10,53.4538,-2.75286
WA11,53.4771,-2.7194
WA12,53.4534,-2.63422
WA13,53.3825,-2.46575
WA14,53.3874,-2.3568
WA15,53.3844,-2.32887
WA16,53.3044,-2.37118
WA2,53.4085,-2.58366
WA3,53.4521,-2.54828
WA4,53.3702,-2.58145
WA5,53.3997,-2.63257
WA55,53.3916,-2.60886
WA6,53.2756,-2.72412
WA7,53.3303,-2.7033
WA8,53.3725,-2.73948
WA88,53.368,-2.76867
WA9,53.4371,-2.71987
WC1A,51.5193,-0.122587
WC1B,51.519,-0.126518
WC1E,51.5207,-0.132407
WC1H,51.5248,-0.126315
WC1N,51.522,-0.120627
WC1R,51.5192,-0.116981
WC1V,51.5177,-0.118162
WC1X,51.5244,-0.117256
WC2A,51.5161,-0.115394
WC2B,51.515,-0.120952
WC2E,51.5125,-0.123816
WC2H,51.5137,-0.127672
WC2N,51.5098,-0.125337
WC2R,51.5122,-0.118393
WC99,51.514,-0.124608
WD1,51.6487,-0.401655
WD17,51.6608,-0.406973
WD18,51.6479,-0.419293
WD19,51.6326,-0.393683
WD2,51.6675,-0.378726
WD23,51.6453,-0.366557
WD24,51.6697,-0.401176
WD25,51.682,-0.39201
WD3,51.6435,-0.482957
WD4,51.7062,-0.453707
WD5,51.7036,-0.422672
WD6,51.6567,-0.276494
WD7,51.6859,-0.312592
WD99,51.6488,-0.422103
WF1,53.6839,-1.49852
WF10,53.7235,-1.35039
WF11,53.7106,-1.25914
WF12,53.6841,-1.6223
WF13,53.6918,-1.64425
WF14,53.6805,-1.69122
WF15,53.7083,-1.69909
WF16,53.7096,-1.66839
WF17,53.7177,-1.64036
WF2,53.6732,-1.51189
WF3,53.7214,-1.5236
WF4,53.649,-1.51793
WF5,53.6806,-1.57687
WF6,53.7014,-1.41385
WF7,53.6672,-1.35118
WF8,53.6873,-1.30156
WF9,53.6063,-1.32116
WF90,53.6726,-1.50288
WN1,53.5512,-2.63
WN2,53.5363,-2.58462
WN3,53.5307,-2.64478
WN4,53.4973,-2.64342
WN5,53.5326,-2.68484
WN6,53.5734,-2.66932
WN7,53.4973,-2.51816
WN8,53.5522,-2.77172
WR1,52.1973,-2.2175
WR10,52.1172,-2.06758
WR11,52.0949,-1.93004
WR12,52.047,-1.87947
WR13,52.095,-2.34171
WR14,52.1135,-2.32221
WR15,52.3063,-2.57327
WR2,52.1914,-2.24045
WR3,52.2161,-2.21033
WR4,52.2042,-2.19175
WR5,52.1797,-2.20002
WR6,52.2294,-2.36101
WR7,52.1973,-2.06383
WR78,52.2018,-2.21146
WR8,52.0902,-2.20207
WR9,52.2682,-2.15743
WR99,52.1974,-2.21995
WS1,52.5817,-1.97978
WS10,52.5603,-2.02342
WS11,52.6887,-2.01623
WS12,52.7031,-2.00266
WS13,52.6918,-1.81735
WS14,52.6701,-1.81315
WS15,52.7588,-1.92005
WS2,52.5887,-2.00199
WS3,52.617,-1.99149
WS4,52.6043,-1.96115
WS5,52.5683,-1.96148
WS6,52.6573,-2.02264
WS7,52.6804,-1.91575
WS8,52.6429,-1.93678
WS9,52.6093,-1.9193
WV1,52.5868,-2.11825
WV10,52.6159,-2.11399
WV11,52.6098,-2.07165
WV12,52.6059,-2.04226
WV13,52.5857,-2.06268
WV14,52.5583,-2.07792
WV15,52.5171,-2.37996
WV16,52.516,-2.43671
WV2,52.5758,-2.12001
WV3,52.5808,-2.1483
WV4,52.5644,-2.14075
WV5,52.5332,-2.21059
WV6,52.5971,-2.17516
WV7,52.6343,-2.27679
WV8,52.6225,-2.18242
WV9,52.6318,-2.14061
WV98,52.4062,-2.21961
WV99,52.6713,-2.42029
YO1,53.9581,-1.07148
YO10,53.9513,-1.06073
YO11,54.2688,-0.398466
YO12,54.2743,-0.422239
YO13,54.2868,-0.493248
YO14,54.2001,-0.298517
YO15,54.0916,-0.182434
YO16,54.0961,-0.19927
YO17,54.1396,-0.771934
YO18,54.2559,-0.767539
YO19,53.9115,-1.02648
YO2,53.9484,-1.12164
YO21,54.4779,-0.70111
YO22,54.4523,-0.621313
YO23,53.9278,-1.11937
YO24,53.9473,-1.11432
YO25,54.0141,-0.419848
YO26,53.9746,-1.16818
YO3,53.9917,-1.0734
YO30,53.9841,-1.11095
YO31,53.9704,-1.06586
YO32,54.0089,-1.06042
YO4,53.9082,-0.829513
YO41,53.9695,-0.910307
YO42,53.9249,-0.788426
YO43,53.8509,-0.684366
YO5,54.0179,-1.31571
YO51,54.0881,-1.3886
YO6,54.1544,-1.08035
YO60,54.0846,-0.947668
YO61,54.1197,-1.19928
YO62,54.2444,-0.995106
YO7,54.224,-1.35082
YO8,53.7856,-1.05689
YO90,53.9599,-1.09096
YO91,53.9779,-1.06637
YO95,53.9267,-0.815105
ZE1,60.1517,-1.16818
ZE2,60.3089,-1.22922
ZE3,59.8833,-1.30441